Time,BTC_Price,ETH _Price,Ripple_Price,Miner's_Revenue,Transaction_Vol,Exchange_Vol,Gold_Price,MSCI_World,Average_Block_Size
2019/1/2,3898.197488,154.4263688,0.373486542,7368988.356,241928399.2,488767286.2,1287.2,1881.15,0.947860662
2019/1/3,3784.388635,147.0620868,0.354332623,7564081.637,252710143.7,586335098.6,1287.95,1853.18,0.966222342
2019/1/4,3827.524594,153.442377,0.356292907,7115351.219,203230963.1,540805337.8,1290.35,1904.18,0.959198758
2019/1/7,4001.018278,150.3461318,0.36240317,7286414.818,278935705.9,620754635.7,1291.5,1919.75,0.984752745
2019/1/8,3992.622789,149.0527627,0.363734873,8610282.076,314915700.8,590024024.1,1283.9,1935.79,0.86793
2019/1/9,4004.259036,149.6298562,0.36941635,8367487.848,340650855.4,630379615.8,1281.3,1950.99,0.884137811
2019/1/10,3627.90345,126.9298039,0.327923986,7609635.023,413021289.1,671294824.4,1292.4,1957.69,0.970871821
2019/1/11,3624.161421,124.9705742,0.327179161,6853670.725,465176834.1,1089515520,1292.8,1957.17,0.983164703
2019/1/14,3666.945194,128.3235839,0.332465497,6784730.482,170721560.3,588158822,1293.7,1948.16,0.956647966
2019/1/15,3581.293015,120.3298761,0.324128591,6111232.218,266949739.4,1270645847,1289.35,1963.61,1.065034848
2019/1/16,3606.986576,122.4209138,0.327294516,6073704.513,268546359.5,622121356.1,1290.5,1966.5,1.11209812
2019/1/17,3640.129131,122.6477516,0.327354014,5831717.37,237255849.8,502064339,1294,1975.61,1.097214181
2019/1/18,3609.426736,119.4851914,0.321018452,6341863.732,206239337.2,449808595.9,1285.05,2000.76,1.037986
2019/1/21,3535.623393,115.9188431,0.318364631,6723982.957,217211992.5,488189514.5,1278.7,2000.77,0.943183713
2019/1/22,3577.30835,117.9757198,0.318073191,5844342.941,200754428,560917561,1284.75,1978.83,1.055254915
2019/1/23,3551.893821,116.3134366,0.31430992,6683461.533,209940367.5,538919234.4,1284.9,1980.15,1.026111377
2019/1/24,3567.588934,116.326358,0.315671,7364947.571,204197869.7,477934358.1,1279.75,1983.23,0.911348741
2019/1/25,3561.350498,114.9673665,0.313558217,6309969.923,151516265.2,456544872.1,1282.95,2001.86,1.017360051
2019/1/28,3435.052514,105.6671558,0.292854599,6318406.831,162815294.3,598393585.4,1301,1989.18,1.022644421
2019/1/29,3395.823763,104.2278758,0.286000094,6364552.334,219370864,502734964.4,1308.35,1989.6,1.010222788
2019/1/30,3437.895866,107.669886,0.318169518,5884537.246,125314902.4,737418316.9,1312.95,2010.95,1.074707971
2019/1/31,3410.131616,105.7392361,0.307163335,6731427.323,160951786,574609830.7,1322.5,2028.49,1.015420213
2019/2/1,3445.049891,106.6349477,0.305512049,6857975.372,112849977.6,611007305.3,1320.75,2029.55,1.024592437
2019/2/4,3411.387962,106.0266756,0.294600196,6411524.45,80969399.13,353232913.2,1311,2037.76,1.012398531
2019/2/5,3426.465011,106.1355865,0.29577355,6422102.205,63553033.78,414929550.4,1314,2051.36,1.051188286
2019/2/6,3367.506365,103.3947122,0.286195185,6985845.574,75066281.35,496046280.2,1313.35,2047.11,1.050370409
2019/2/7,3358.873599,103.2990538,0.28825002,7375022.024,143900701.5,475540835.9,1306.6,2026.94,0.942216902
2019/2/8,3612.479619,117.5014851,0.308054288,7184754.273,58905094.73,552614639,1311.1,2020.53,0.984610681
2019/2/11,3590.618484,119.7266154,0.299148814,6693602.408,153422578.8,512333681.4,1306.75,2021.6,1.09110111
2019/2/12,3587.902466,120.8287019,0.300996538,6031364.558,145036524.8,494313528.4,1311.6,2045.12,1.304964063
2019/2/13,3576.085373,120.6902259,0.300924264,6976103.877,163866857.1,679292515,1311.15,2052.76,1.153285621
2019/2/14,3561.916383,119.6809132,0.298294111,6566282.272,238668724.2,465606911.5,1305.65,2047.56,1.111246972
2019/2/15,3565.006924,120.3600254,0.29851294,5762323.416,162192885.4,475673471.4,1318,2066.58,1.101274228
2019/2/18,3866.129217,144.415396,0.319033954,7556019.109,224982995,689163299,1323.95,2072.62,1.080017019
2019/2/19,3895.435211,143.1372957,0.322211487,7748245.938,429150386.5,719387605.3,1329.55,2075.91,1.060471256
2019/2/20,3931.613829,147.1921435,0.327827923,6596656.215,374321248.7,696700438.7,1345.75,2083.64,1.1915221
2019/2/21,3892.261794,143.6012835,0.316343959,6051778.486,235445371.3,658222916.5,1335.05,2077.44,1.178449504
2019/2/22,3948.300511,147.0633042,0.319876411,8096363.882,196426384.2,594309375.2,1322.25,2086.97,1.085184228
2019/2/25,3822.018697,137.9248749,0.326069029,6913971.366,400105758.7,788388101.2,1329.15,2091.83,1.109526161
2019/2/26,3796.175068,135.7259161,0.315186762,7878415.307,1734750236,592375975.3,1327.55,2091.7,1.092907348
2019/2/27,3799.381992,133.9967589,0.309173016,6801908.847,127504717.3,573599563.2,1326.45,2092.12,1.125122057
2019/2/28,3792.947723,134.7547241,0.312256366,7350871.435,226984139.5,936111689.3,1325.45,2085.84,1.130737273
2019/3/1,3810.632693,134.8645646,0.315224493,7830758.118,245942956.4,536410480.5,1309.95,2096.35,1.053071407
2019/3/4,3698.161855,125.1204395,0.300905708,6497311.764,79501797.94,510664925.1,1287.45,2090.4,1.104753978
2019/3/5,3840.128049,135.707659,0.313250089,7114388.352,216413666.7,545495184.6,1285,2087.5,1.029825181
2019/3/6,3851.998425,137.1823039,0.315546209,6388631.338,278485172.5,603814020.8,1285.55,2078.69,1.235649305
2019/3/7,3855.923168,136.1424407,0.311513911,7588198.88,148582990,598136964,1286.4,2061.41,1.008441944
2019/3/8,3839.233553,132.4414211,0.305974199,7193574.076,136348518.4,621749744.8,1294.1,2051.12,0.998636589
2019/3/11,3851.568922,132.0801075,0.308886586,6977449.877,83936704.46,581817561.2,1296.35,2074.66,1.099574324
2019/3/12,3858.914824,132.6961651,0.308543766,7088005.704,116557011.3,634318677.2,1296.95,2083.38,1.004161133
2019/3/13,3851.957466,131.1337124,0.312569978,6637474.194,209075742.7,632556077.3,1308.4,2095.67,1.163580696
2019/3/14,3853.783265,131.3092826,0.309386946,7600598.594,159688391.2,715988875.3,1299.2,2096.32,1.043826619
2019/3/15,3901.914207,135.6029427,0.313049335,7723228.792,168146954.6,544675740.5,1302.65,2108.78,0.987588412
2019/3/18,3969.440146,137.0632162,0.313200719,8269486.756,105693358.7,597904327.9,1305.35,2117.99,0.926942733
2019/3/19,3996.167904,137.9280771,0.314561223,8830120.093,115735520.4,609610214.5,1308.35,2121.47,0.909794954
2019/3/20,4030.655276,138.6858925,0.316510452,8742662.153,103002102,649248713.7,1303,2112.05,0.992002373
2019/3/21,3976.27385,134.5865742,0.309382381,7388901.058,147543802.3,650496386.4,1317.3,2127.93,1.039646357
2019/3/22,3983.887646,135.8933679,0.309859168,8113657.072,166103501.5,528282764.5,1311.1,2094.81,0.944549
2019/3/25,3908.238839,133.0931578,0.301029467,7512795.861,48747233.85,596522167.6,1319.35,2087.06,1.056967818
2019/3/26,3917.763402,133.1643399,0.299389832,6780907.838,133869301.2,604089195,1315.25,2102.62,1.207859007
2019/3/27,4027.007918,139.2153074,0.308906018,7721974.785,77182620.04,624205341.9,1318.25,2094.02,1.199629819
2019/3/28,4010.937462,137.3366119,0.304765569,7609348.211,135317924.5,625086884.9,1306.9,2095.18,1.217287404
2019/3/29,4089.46104,142.3689775,0.306751437,7807462.6,72542414.44,818224153.7,1291.15,2107.74,1.233981333
2019/4/1,4138.417808,141.2956888,0.312174062,7260086.688,53646013.34,640470349.7,1291.9,2131.79,1.205358125
2019/4/2,4903.719462,165.4668805,0.355325199,9796335.107,178833230.7,1458650931,1287.2,2131.71,1.215506975
2019/4/3,4960.227603,160.2395728,0.341348262,9794906.734,879572364.1,1183522596,1291.85,2143.02,1.248329993
2019/4/4,4911.269702,157.8657369,0.331234683,9872137.446,963281105.1,1008344651,1291.6,2142.75,1.2129581
2019/4/5,5033.225484,165.9389854,0.363378416,10526385.51,476408009.6,898533778.5,1288.9,2149.85,1.240968854
2019/4/8,5283.423025,180.7795012,0.358323496,10509444.22,382675686,983977267.4,1297.1,2152.89,1.218371115
2019/4/9,5195.577909,175.9578866,0.349982086,9214713.996,526197764.2,877070582.1,1301.85,2143.2,1.251238629
2019/4/10,5311.741603,177.474879,0.354077435,10332304.74,411383523.4,851450827.8,1304.8,2147.99,1.213674912
2019/4/11,5050.666009,165.5503612,0.328655259,10673185.07,368160408.2,1050019755,1304.65,2147.61,1.201692847
2019/4/12,5082.861432,164.8918174,0.325503574,10032844.69,363638962.7,693684833.3,1296.15,2159.39,1.184258404
2019/4/15,5042.897738,160.5574731,0.318752699,9812670.32,131452793.1,804147839.2,1286.75,2161.14,1.22713911
2019/4/16,5205.962957,166.6623402,0.325543888,9626718.555,203887934.3,645003301.7,1283.75,2163.08,1.25263491
2019/4/17,5226.352215,166.3641397,0.335391452,9679415.784,205894131.2,896458088,1276.1,2160.94,1.229380333
2019/4/18,5278.50234,173.5459521,0.336151616,10319254.18,242366222.4,694249179.2,1276.5,2160.21,1.214882
2019/4/23,5544.862712,170.9374096,0.320969304,8538019.902,268620376.4,825599122.6,1273.45,2174.39,1.255767388
2019/4/24,5431.94792,165.1421142,0.300092837,12202481.91,371060447.1,1576941009,1273.8,2168.81,1.234416043
2019/4/25,5127.673167,152.0454944,0.286106415,10225360.66,360348203.3,826381786.8,1277.85,2165.36,1.219515846
2019/4/26,5150.164661,152.9609275,0.293399567,10183521.95,346365600.4,1196016426,1281.5,2173.82,1.255490709
2019/4/29,5148.800493,152.5452088,0.288100618,11244134.78,104885492.5,886065657.8,1282.15,2175.59,1.203267614
2019/4/30,5266.618203,159.9385015,0.305453454,9672352.742,254115382.6,841828231.1,1285.15,2178.67,1.295070857
2019/5/1,5315.175329,158.2228597,0.299293837,11945018.64,65541116,878862399.1,1281.8,2170.03,1.126911234
2019/5/2,5393.129376,159.1916195,0.296848552,12941749.35,51098585.51,760391105.9,1271.45,2161.11,1.100861511
2019/5/3,5658.430388,164.6954521,0.301920544,11122649.23,68390511.78,858064130.8,1270.05,2177.77,1.228199987
2019/5/7,5825.744893,170.0501148,0.295868476,10026818.29,84401987.36,1041193669,1281.3,2135.49,1.267977197
2019/5/8,5931.800595,169.5587642,0.297276038,11731703.73,147447099.5,1026598913,1287.75,2131.9,1.243073447
2019/5/9,6150.140445,170.2503147,0.293192151,12149462.76,92603630.08,1251747787,1284.1,2119.31,1.258699753
2019/5/10,6357.463494,172.221822,0.296976009,10770042.58,127082999.9,1285152265,1285.4,2126.32,1.259484184
2019/5/13,7798.905736,195.8252031,0.324656478,16443665.52,437929061.2,1691655708,1282.95,2086.46,1.203409635
2019/5/14,7955.557682,218.2148057,0.406766272,16211651.62,459019962.2,1659251076,1297.6,2098.76,1.230687118
2019/5/15,8215.206838,249.061431,0.461552121,16983774.49,372592512.2,1595050697,1298.9,2110.4,1.237726027
2019/5/16,7862.071602,263.3804702,0.417305638,16642489.04,284130100.1,1694528054,1295.55,2126.06,1.245267137
2019/5/17,7326.920682,242.2637937,0.387566292,15398528.27,295196717.9,1298197114,1285.8,2116.5,1.261404709
2019/5/20,7981.139379,252.4174196,0.399427725,17411194.29,293462035.9,1127760758,1275.25,2104.64,1.177317634
2019/5/21,7983.808477,256.8181622,0.399299679,16828129.85,251989801.6,1011724991,1276,2117.66,1.258643059
2019/5/22,7667.902115,244.5505143,0.373538176,18104557.65,141589252.4,1126821700,1274,2111.78,1.201243293
2019/5/23,7897.471294,245.8403849,0.381028436,16469421.05,162680990.6,1180520165,1275.95,2087.46,1.226995165
2019/5/24,7987.100368,248.839252,0.383394441,16833084.31,151053338.9,1291010564,1281.5,2095.03,1.254131843
2019/5/28,8719.125848,271.2234985,0.448330384,20098452.3,179353690.6,1475454598,1283.9,2084.57,1.262846012
2019/5/29,8655.488506,269.3278109,0.44470625,20660475.75,134279873.7,2715969883,1283.5,2064.8,1.224251023
2019/5/30,8271.621963,254.2942018,0.418969094,18924858.12,139788877.3,1307364486,1276.45,2066.48,1.213646113
2019/5/31,8556.222186,266.5739226,0.438675382,13928405.37,291707289.9,2139391264,1296,2046.25,1.291766803
2019/6/3,8173.401271,251.0577586,0.422813652,14378777.93,80345418.36,1387869417,1313.95,2045.06,1.256748504
2019/6/4,7649.939332,239.4570409,0.395295086,17028462.32,189061316.6,2210912218,1323.6,2077.66,1.253258474
2019/6/5,7798.544466,246.3376002,0.402035018,16774166.52,298320274,2554143447,1337.75,2095.83,1.239725519
2019/6/6,7776.713326,247.4887542,0.41991059,16576546.92,156168263.7,2028322129,1336.65,2104.18,1.158709758
2019/6/7,8023.950093,250.2259096,0.42151076,16904713.85,155472100.7,1100908052,1334.3,2126.88,1.187780804
2019/6/10,7993.302539,246.7463252,0.400065644,16318423.02,75192236.29,1024400574,1328.6,2135.51,1.150810567
2019/6/11,7922.483627,245.8009109,0.393711301,14984664.36,137334731.2,1596486462,1322.65,2139.74,1.258056077
2019/6/12,8146.756125,259.6566401,0.401030008,14041153.39,119201858.9,1164520570,1336.65,2134.42,1.260088069
2019/6/13,8232.777341,255.3363004,0.399955819,16311181.09,170534084.4,1133834031,1335.8,2136.96,1.264188841
2019/6/14,8698.004815,264.7634231,0.40431909,18846894.08,118173871.4,1268348918,1352.45,2130.95,1.290370444
2019/6/17,9340.572189,273.714095,0.446997357,16680372.79,291304564.5,2950935222,1333.2,2130.86,1.233756692
2019/6/18,9047.132744,263.7022519,0.425370372,19759220.1,236199962.6,2182288636,1344.55,2150.91,1.236012356
2019/6/19,9285.055677,268.9368381,0.434899378,21219685.89,91483265.55,1908684407,1342.4,2161.6,1.159557627
2019/6/20,9546.719778,272.1375003,0.430329405,17906834.42,64175901.41,1190905554,1381.65,2183.36,1.245132021
2019/6/21,10083.48631,294.8528928,0.443364691,17538287.92,88441301.34,1529747838,1388.35,2178.16,1.265748887
2019/6/24,11004.20691,309.7987503,0.468637897,25683149.78,92033603.99,1758426569,1405.45,2178.17,1.215810192
2019/6/25,11726.26383,316.17192,0.464794198,22012700.09,90826286.85,1831245148,1429.55,2163.73,1.245764247
2019/6/26,12863.46068,334.0350535,0.461336874,28602342.13,188227336.1,2930019256,1406.75,2158.41,1.240848794
2019/6/27,11109.79784,293.2150362,0.404836422,23684931.42,521683547.9,2491886549,1402.25,2166.48,1.233317704
2019/6/28,12358.20796,309.4461829,0.419953159,25937334.79,423175771.1,2653064699,1413.2,2178.35,1.255488209
2019/7/1,10569.55173,293.8623928,0.406365902,20510124.42,172764921.6,1639029426,1390.05,2192.24,1.26303335
2019/7/2,10766.08332,290.5718343,0.397262248,21634656.18,171482109.1,1813299812,1393.1,2198.55,1.23998631
2019/7/3,11952.02489,302.0572104,0.405854961,25660429.83,240430091,1618383339,1425.1,2213.35,1.186933564
2019/7/4,11177.01038,283.4892028,0.387436181,25608368.43,273546634,1933335669,1415.25,2215.17,1.139688042
2019/7/5,10998.3991,287.858583,0.379271365,27132379.48,130466909.3,1176057043,1414.4,2205.57,1.027819063
2019/7/8,12319.62288,313.3262905,0.40252619,27968213.84,67612787.46,2099126798,1404.9,2194.62,1.064795584
2019/7/9,12579.10762,308.3430541,0.39408793,25335914.87,277905476.8,1779344024,1387.9,2193.65,1.155262513
2019/7/10,12106.78293,288.7311578,0.360632318,21508972.68,364111378.8,3158872125,1395.45,2201.14,1.270236891
2019/7/11,11294.67803,267.5366046,0.327601232,19960968.61,507237487.9,1909308953,1423.1,2205.35,1.25302507
2019/7/12,11813.32372,275.8726002,0.344821943,24773188.33,400745298.7,1573448471,1405.6,2212.65,1.232422543
2019/7/15,10926.38027,230.578358,0.314682224,19638311.28,163504273.4,1237233738,1416.25,2214.34,1.136103938
2019/7/16,9471.140865,199.001611,0.296561418,22149573.04,334140371.6,1554876517,1416.1,2208.09,1.098875278
2019/7/17,9674.882461,210.9313147,0.31010536,16501101.44,413796084.1,1898295642,1400.8,2197.94,1.15372491
2019/7/18,10679.89069,227.2417943,0.322859355,15933222.49,350207291.4,1363791605,1420.9,2198.4,1.261034248
2019/7/19,10532.20273,221.0313933,0.320317093,16208139.75,400333481,2126938201,1437.05,2194.61,1.262904373
2019/7/22,10318.56093,217.0136254,0.32058639,21529384.36,149533508.5,1027285548,1424.45,2197.67,1.004485468
2019/7/23,9866.64894,212.3614568,0.308311093,18769327.2,207597158.4,946331234.6,1417.55,2209.59,1.103765105
2019/7/24,9792.787537,216.8484425,0.316297899,17345757,198778566.7,1334346530,1425.55,2217.75,1.107293878
2019/7/25,9897.186786,219.6386683,0.313290356,19605754.21,207985687,1029705255,1426.35,2206.92,1.133330787
2019/7/26,9836.696788,219.3653559,0.323510433,20745948,132194259.5,993970297.7,1418.25,2215.71,0.957042542
2019/7/29,9504.158916,210.840749,0.309736558,20887751.48,93425734.9,4112257571,1418.95,2212.5,0.960283161
2019/7/30,9589.109206,210.0295608,0.318742423,17750997.04,110257994,1280347893,1428.45,2203.4,1.168352
2019/7/31,10059.00402,218.0882405,0.319506571,21676009.16,115667921.7,1033351135,1430.55,2187.56,1.007365485
2019/8/1,10400.30701,217.3531949,0.316164817,18606541.39,171671948.9,1063515473,1406.4,2173.18,1.150850859
2019/8/2,10529.69445,217.667192,0.312213982,22617508.87,173753010.8,1276543414,1436.05,2149.99,1.033215941
2019/8/5,11790.02394,232.2999088,0.321288613,22256372.32,165486450.2,1783008179,1457.45,2097.32,1.179503441
2019/8/6,11423.497,225.7292683,0.311128298,24239820.66,360876818.6,1820577410,1461.85,2109.2,1.145295174
2019/8/7,11967.27355,226.0429168,0.311278032,23489547.28,385189642.3,1528500615,1487.65,2114.05,1.134389882
2019/8/8,11938.23461,220.5500413,0.307257069,22052437.23,364388175.4,1409255303,1497.4,2146.91,1.239356866
2019/8/9,11858.3411,209.8178279,0.295604285,22823177.01,211151931.5,1423908955,1503.5,2135.34,1.156579728
2019/8/12,11384.69625,210.9724977,0.300392976,19835024.18,104661395.1,1291059873,1501.95,2117.73,1.035999226
2019/8/13,10867.05476,208.5976283,0.296120057,23339417.34,84492311.64,1666494660,1527.2,2134.54,1.189568873
2019/8/14,10024.37959,186.3818141,0.262105681,20751478.03,193935252.6,1317218978,1500.35,2086.26,1.13971277
2019/8/15,10310.08587,188.0166365,0.264910924,20403806.3,280655886.5,1574111186,1517.65,2082.84,1.06614658
2019/8/16,10373.3219,185.5779369,0.261571761,20175209.24,339458149.8,1077642459,1509.05,2108.5,1.035984742
2019/8/19,10884.62977,202.7670351,0.282230614,22512416.21,77572050.19,1023246905,1499.35,2131.81,0.93890562
2019/8/20,10771.39238,196.717822,0.274476717,21381940.82,171807868.3,1220470930,1502.65,2119.57,1.077213275
2019/8/21,10096.83022,186.4972846,0.26502394,18133519.93,122315070.3,1083045372,1499.65,2135.52,1.188414015
2019/8/22,10119.71452,191.5960932,0.271238568,18244786.74,236246172.9,951158027.8,1498.7,2131.68,1.241886241
2019/8/23,10414.14417,194.6243048,0.27740058,20303216.62,141841653.5,2130991480,1495.5,2094.63,1.095520869
2019/8/27,10168.22157,186.8832931,0.269316924,17790117.82,189624308.4,1295831267,1531.85,2104.85,1.159739378
2019/8/28,9724.799978,173.1757975,0.256080715,19285143.44,102638637.4,1050824062,1541.75,2111.92,1.038467139
2019/8/29,9482.311735,168.7358823,0.256537622,20199158.85,203978693.8,1674298205,1536.65,2133.08,0.995517388
2019/8/30,9577.678823,168.372436,0.255203049,19625872.03,157535719.8,1323718820,1526.55,2138.52,1.0054113
2019/9/2,10377.33838,178.5801946,0.261800578,19567794.84,45179221.48,1189099300,1523.35,2136.58,1.055764356
2019/9/3,10618.78151,179.2336739,0.262974605,22232234.97,153032806.8,1484070470,1532.45,2126.92,1.088154232
2019/9/4,10577.24108,174.7297753,0.25877428,18375693.84,228788746.9,1356552610,1538.8,2149.8,1.177994235
2019/9/5,10580.1847,174.5415397,0.256367174,22456931.63,196753395.6,1706403126,1542.6,2174.27,1.020782558
2019/9/6,10330.84973,169.2307034,0.251729022,21464687.59,90967493.33,2785938242,1504.95,2178.9,1.091438715
2019/9/9,10332.46444,181.3882417,0.258908387,19160369.49,63124156.14,1233969517,1509.95,2178.41,1.089865103
2019/9/10,10085.95192,179.5958057,0.258313514,23662199.32,133582936.9,1964047353,1494.6,2179.43,0.957443978
2019/9/11,10142.14806,178.0588556,0.254513271,23997270.5,109189912.1,1425043055,1493.65,2194.42,0.953451777
2019/9/12,10403.35997,180.8465082,0.254211174,20481339.86,122176795.1,1811962087,1502.95,2201.81,0.979857646
2019/9/13,10345.33875,181.5132595,0.255454178,19643241.85,114864653.9,926451075.4,1506.3,2205.81,1.069618267
2019/9/16,10257.82276,197.4305357,0.261029238,21460937.09,40801052.22,1523428332,1502.05,2195.88,1.054939294
2019/9/17,10195.61118,209.2875827,0.287028187,19262723.37,107174306.4,1412330121,1499.3,2201.77,1.157712412
2019/9/18,10161.31887,210.7212236,0.314282308,22533478.53,91392243.66,1899700648,1502.2,2201.02,1.069905448
2019/9/19,10268.39263,221.5622011,0.301480622,19373703.71,90728914.37,1263814528,1498.4,2204.67,1.104391142
2019/9/20,10170.12512,217.1955701,0.292787603,19539823.59,157389488.4,1752366741,1504.1,2197.55,1.040262013
2019/9/23,9692.741048,201.226725,0.267973688,14647183.8,59501805.67,855073770.2,1519.5,2193.74,1.243719526
2019/9/24,8613.671249,168.4383282,0.235999695,19220354.79,120001577.2,3139283339,1520.25,2182.07,1.163618121
2019/9/25,8424.157646,169.8466248,0.245604618,17222704.4,491431838.4,2087385265,1530.85,2184.56,1.10453434
2019/9/26,8091.695299,166.3346179,0.243330323,18142040.44,269030045.2,1313285337,1507.05,2183.46,0.970737503
2019/9/27,8186.779639,174.0836541,0.242064854,13731933.73,286339496,1158429641,1496.15,2175.54,1.0954235
2019/9/30,8282.365454,179.5087279,0.256201357,13436667.52,92992826.7,1032865548,1487.6,2180.02,1.150525392
2019/10/1,8314.55139,176.6351596,0.248965285,15347785.33,173526590,1076885942,1466.1,2158.47,1.120068028
2019/10/2,8362.530732,180.7314246,0.253305601,15983802.95,170270297.4,753518693.1,1484.05,2121.47,1.005967926
2019/10/3,8254.33991,175.4671133,0.247569867,15446657.01,91246610.94,941153423.8,1504,2131.36,1.038093102
2019/10/4,8165.686151,176.2040693,0.252901157,15198779.2,116784278.3,734036335,1509.5,2153.83,1.086928381
2019/10/7,8226.023429,181.0015704,0.276931411,15743886.01,100404346.4,858436648.3,1502.15,2151.82,1.005810123
2019/10/8,8190.115121,180.6686698,0.277142112,17060959.45,144876046.2,951086445.4,1500,2124.15,0.966500944
2019/10/9,8598.331921,194.2291315,0.282198465,14626389.97,68942273.4,1063632109,1503.4,2137.62,1.032391138
2019/10/10,8578.090379,191.5740997,0.271332788,17831123.68,174962381.2,1061857762,1508.2,2150.16,0.968209895
2019/10/11,8289.854029,180.9021725,0.268026531,17060812.1,113137559.6,940680504.5,1498.35,2179.33,1.017074673
2019/10/14,8346.368437,186.5206151,0.296535285,14628224.19,65962338.32,1712938625,1494.2,2175.28,1.059371319
2019/10/15,8160.712628,180.2829499,0.288117566,16240085.96,61644447.22,933447813.6,1494.75,2196.61,0.99594732
2019/10/16,8003.855923,174.9956763,0.28442559,14633533.22,86738050,944835135.1,1482.55,2195.35,1.116763881
2019/10/17,8072.489382,177.0702299,0.301782569,15858419.08,117969721.4,1260759811,1484.45,2201.92,1.09859798
2019/10/18,7959.331994,173.1305787,0.295033866,16329289.22,79993882.94,1046146449,1487.5,2195.28,0.9423605
2019/10/21,8211.654559,174.1983669,0.292647571,16722180.44,90340986.76,949795298.9,1490.85,2209.34,1.00909334
2019/10/22,8029.205373,171.2616821,0.290481486,17496598.35,78014940.86,996706690.9,1487.45,2204.29,0.959074254
2019/10/23,7458.035857,161.3235584,0.272106563,17079475.39,89353651.52,1296382266,1494.25,2208.28,0.978411524
2019/10/24,7454.371138,161.0244646,0.277408345,12594197.43,221341213.8,984320293.1,1488.85,2215.64,1.091473233
2019/10/25,8656.655178,181.1619445,0.297712298,13909079.27,75975960.6,1334170238,1504.65,2222.75,1.190200377
2019/10/28,9319.178142,182.8142206,0.297500217,16254462.72,290708092.5,1882149479,1505.05,2231.4,1.200985948
2019/10/29,9431.207124,190.8304954,0.302296979,15907595.39,233830897.4,1157811408,1492.75,2232.45,1.159250707
2019/10/30,9182.855065,183.2770038,0.295330522,15935289.73,169991136.7,933497841.3,1490.15,2237.31,1.099223104
2019/10/31,9155.277299,182.4305672,0.294503367,15460313.8,145730105.2,1573437647,1506.4,2233.53,1.080918621
2019/11/1,9251.381293,183.3622677,0.29208591,15476389.78,160663136.9,2074156434,1509.85,2252.07,1.241092908
2019/11/4,9418.360131,186.0344328,0.299466586,15941423.77,47020646.32,1333487929,1509.2,2261.45,1.165071561
2019/11/5,9330.787223,189.2172514,0.301213697,17451427.1,103857828.9,2769186824,1504.6,2259.26,1.137513597
2019/11/6,9354.933382,191.5566607,0.310143146,15769410.01,97692940.89,1446365892,1488.55,2261.37,1.273832242
2019/11/7,9210.748222,186.7706224,0.290253377,15970955.44,78710164.83,1410260957,1484.1,2266.69,1.178781985
2019/11/8,8791.333935,184.0382231,0.276059991,14762408.04,73169474.05,1458241138,1466.85,2268.83,1.165534266
2019/11/11,8713.20793,184.4188453,0.27395618,16881322.71,58075876.85,718863061.2,1465.5,2266.36,1.00362904
2019/11/12,8788.958143,186.5779264,0.271333751,14989182.4,99417730.88,865205529.8,1455,2270.01,1.034111785
2019/11/13,8766.729431,188.0333561,0.271663757,15067619.93,84092098.49,1486062566,1463.45,2268.33,1.155403252
2019/11/14,8645.435804,184.7664638,0.2678209,18779474.74,53278229.95,946450282.5,1467.65,2265.29,0.981337769
2019/11/15,8465.877889,179.9897891,0.26062643,17351278.97,62094349.52,1199132985,1465.6,2282.8,1.113353424
2019/11/18,8183.533414,178.062372,0.252102787,14963381.52,42762607.28,1043917564,1458.4,2285.76,1.019047664
2019/11/19,8116.820673,175.4351999,0.253238545,15599060.26,98039358.97,923399726.1,1464.9,2284.85,1.143817435
2019/11/20,8076.55466,174.4097203,0.249681919,14807093.07,80797818.39,870969121.5,1475.7,2274.92,1.025924303
2019/11/21,7612.277488,160.7282969,0.242473209,13715760.95,62317220.55,1165992114,1468.9,2270.36,1.214479803
2019/11/22,7277.524273,149.7761625,0.230494881,12538677.98,152565570.4,1691710108,1471.3,2273.89,1.250728333
2019/11/25,7139.044686,146.5622418,0.219294535,11205569.82,88831996.03,1313006695,1459.45,2290.65,1.076081424
2019/11/26,7165.43773,147.9428786,0.22079471,11167150.57,250687896.4,1179814702,1457.65,2294.78,1.254087262
2019/11/27,7526.863817,153.2483223,0.224691219,12848987.49,108471398.9,1513433741,1459.8,2302.67,1.185653101
2019/11/28,7436.336382,151.0103925,0.223939627,15917751.91,220499983,769525352.6,1457.55,2301.79,0.873442442
2019/11/29,7747.738042,154.256289,0.230274233,14142605.49,99775070.97,1078007992,1456.35,2292.26,1.055517757
2019/12/2,7318.312522,149.0527157,0.219572548,13446041.66,88571039.07,904057314.8,1457.5,2276.4,1.019306228
2019/12/3,7306.446233,147.4653691,0.219831694,14637722.11,71586469.67,1101171350,1470.4,2263.1,0.961583019
2019/12/4,7215.020345,145.6972447,0.21485697,15591131.4,50091304.5,1466498116,1475.85,2275.47,0.934351653
2019/12/5,7404.086795,148.0223999,0.22199205,13451289.42,142535673.5,829793365.2,1474.6,2278.63,1.018665179
2019/12/6,7534.208356,148.7001867,0.225743538,13603961.75,85470713.75,1235038810,1474.85,2296.39,1.059103821
2019/12/9,7340.227459,147.3754951,0.223955597,13970881.97,32114286.49,984541456.8,1463.6,2292.58,1.089033696
2019/12/10,7232.091784,145.6963601,0.222560028,13646564.11,108414489.5,1203358980,1464.45,2289.67,1.106342622
2019/12/11,7200.464446,143.1304047,0.220712135,12062018.83,66161513.24,960237277.3,1468.05,2295.02,1.195490902
2019/12/12,7192.849024,144.7342037,0.218249749,12076200.2,53833378,1259580435,1474.7,2309.36,1.095938008
2019/12/13,7244.90372,144.5997151,0.22021133,14060284.47,75073234.65,910737706,1470.6,2319.73,0.990434309
2019/12/16,6882.395795,132.3799811,0.205356033,14132643.71,35264356.59,880428472.3,1477.4,2337.45,1.038496834
2019/12/17,6608.96198,121.5059164,0.18218853,12121833.95,91191811.27,1699726139,1478.4,2336.62,1.314409858
2019/12/18,7284.625484,132.883688,0.195952032,11695182.78,106173720.2,1653840923,1478.9,2333.28,1.152717164
2019/12/19,7146.167638,127.8449477,0.188192782,14591652.02,208624105.2,1185600662,1474.4,2340.65,1.013370414
2019/12/20,7184.219172,128.2175628,0.195967154,14124384.46,92465911.44,1192218774,1476.9,2349.87,0.961809929
2019/12/23,7321.748724,127.8143106,0.189516669,13758030.76,72767893.27,1144871678,1483.95,2350.75,1.037491643
2019/12/24,7235.629084,127.6564459,0.190382002,11525831.91,121983509.7,770512475.8,1490.85,2351.84,1.111658016
2019/12/27,7237.150447,126.1816295,0.189660013,13514433.19,59760787.21,847107991.8,1510.6,2364.9,1.017240097
2019/12/30,7229.397101,131.2874667,0.19265193,15446347.04,46435451,956242180.5,1511.5,2353.25,0.944622572
2019/12/31,7167.395055,128.5110798,0.192421166,13152944.22,61748083.66,854423855.6,1523,2358.47,0.982280848
2020/1/2,6946.825269,126.730877,0.186872726,12576131.22,28600968.86,692062815.9,1520.55,2375.94,1.012365064
2020/1/3,7315.30936,133.8007671,0.19284337,15705586.47,68282971.9,1721171458,1547.4,2363.12,0.910629562
2020/1/6,7765.797735,143.9888241,0.221597372,13051403.08,48177558.29,962060777.7,1576.85,2364.49,1.12761063
2020/1/7,8136.086842,143.2489557,0.213838205,17646229.3,114010548.1,1122651352,1566.5,2362.43,0.948405778
2020/1/8,8059.699529,140.872484,0.207679866,14890476.72,210649283.9,1185786690,1582.85,2366.93,1.063490894
2020/1/9,7817.136093,137.4736641,0.203291667,15730239.71,224003807.4,1557053629,1547.85,2379.85,1.044869879
2020/1/10,8129.81792,143.7894009,0.21137394,15541380.57,108323770.5,1280612805,1548.8,2377.62,1.120475946
2020/1/13,8121.925668,143.9102222,0.211561704,14633330.08,39375157.85,881745942.1,1550.35,2388.25,0.981562832
2020/1/14,8830.167873,166.0479769,0.235544858,15748081.37,68769719.3,2900956207,1544.95,2388.5,1.21966529
2020/1/15,8811.448203,165.8537794,0.232875178,16792710.07,322001233.9,2458672965,1551.9,2392.06,1.065171907
2020/1/16,8718.686998,164.0529333,0.228639596,17478168.64,162415225.7,1325748764,1555.2,2406.17,0.983502176
2020/1/17,8912.541904,171.0344023,0.239171258,17783148.02,113463580,1542090152,1556.5,2415.51,0.968857566
2020/1/20,8636.258786,166.927411,0.233315006,16034934.29,171406582.8,1265736840,1559.25,2415.03,0.991580941
2020/1/21,8730.86756,169.1716687,0.237179382,16708344.24,78615695.32,897029395,1556.25,2409.29,0.999786242
2020/1/22,8647.900474,167.5452263,0.235723766,17310387.59,80118406.45,1252987750,1558.1,2410.23,1.058771763
2020/1/23,8366.384614,162.1565256,0.224993301,17169132.32,62159413.04,1402766346,1554.05,2406.14,1.039634667
2020/1/24,8423.390958,162.2475907,0.221598319,16478219.05,140040083.6,983478887.1,1561.85,2395.31,1.032869612
2020/1/27,8901.959285,169.9343137,0.230733694,14226813.87,90541442.51,810082885.6,1583.45,2356.09,1.055952767
2020/1/28,9297.388318,175.2761885,0.23841689,16242549.01,157722446.3,1052472169,1579.6,2372.52,1.204786908
2020/1/29,9311.947544,174.6767767,0.235890714,18887556.28,187574422.5,1212895194,1571.2,2373.52,1.004575063
2020/1/30,9508.920965,184.256749,0.243981544,18922276.39,132156743.7,1703649922,1580.4,2372.01,1.007421212
2020/1/31,9357.284782,180.1636704,0.239021658,17040641.86,175049334.3,2215319754,1580.85,2342.41,1.109039125
2020/2/3,9279.812521,189.3416441,0.253731662,17467129.75,66403963.97,3506998581,1578.85,2351.45,1.190776919
2020/2/4,9161.627198,188.276666,0.265161831,15415016.36,90649388.57,1182655805,1571.2,2383.3,1.194789614
2020/2/5,9628.136776,205.1250879,0.278548194,17105098.6,90649388.57,3323586288,1552.2,2404.96,1.136838644
2020/2/6,9739.280436,212.8496427,0.28295737,17105098.6,163509451,3323586288,1564.75,2416.48,1.136838644
2020/2/7,9800.2794,222.8630797,0.279455267,17296713.61,152115909,1803840353,1568.3,2404.75,1.28319559
2020/2/10,9872.361873,224.1398316,0.274013463,15671545.12,107419112.7,1655558310,1574.05,2413.1,1.199867254
2020/2/11,10272.22256,237.6495393,0.28204623,19051941.21,155424327.7,2306736287,1567.7,2421.26,1.25871225
2020/2/12,10360.13522,266.6494553,0.306004685,18763378.49,190105216.4,1870288291,1566.75,2434.95,1.1479745
2020/2/13,10235.49732,267.9400019,0.327404899,18474198.44,161983394,1903943551,1575,2429.89,1.229481901
2020/2/14,10361.61569,284.8306491,0.336339969,17892676.33,198094127.1,1546031521,1576.35,2431.37,1.090330081
2020/2/17,9683.079628,266.6082334,0.286633627,19823862.2,85454123.71,2253057178,1580.3,2430.69,1.024710815
2020/2/18,10195.30379,283.5649883,0.299387581,19007001.53,119040244.2,1513418379,1588.2,2421.47,1.122872727
2020/2/19,9636.002299,261.077341,0.277540139,18406770.34,138390971.2,1880304368,1609.5,2431.22,1.166272348
2020/2/20,9614.030122,258.631871,0.272111936,15368284.87,186474102,1635169613,1610.35,2420.21,1.2488265
2020/2/21,9701.797503,265.9094041,0.275403315,18886942.69,128769390.8,1133722529,1633.7,2402.8,1.067097604
2020/2/24,9648.007883,264.3671675,0.269130664,17377835.22,64282324.01,1060129347,1682.35,2330.75,1.141280163
2020/2/25,9344.28714,248.5371322,0.253574432,17822599.43,116289798.6,1088999982,1655.9,2269.42,1.064563583
2020/2/26,8798.888949,225.7065572,0.23100232,15629013.68,114160526.8,1306061365,1647.95,2258.62,1.163531007
2020/2/27,8779.029482,226.398922,0.237494419,16401715.33,206929921,2025910515,1646.6,2177.25,1.102625776
2020/2/28,8750.593446,228.6739185,0.237651279,17412081.06,147977055,1789999977,1626.35,2141.12,1.082665158
2020/3/2,8906.214756,231.1949316,0.239228454,16697791.75,111268001.4,1346019715,1609.7,2212.38,1.116271678
2020/3/3,8768.810614,224.28357,0.234453823,17037037.23,111268001.4,1346019715,1599.05,2179.48,1.144225732
2020/3/4,8756.369572,224.1560268,0.234502255,18948989.97,85149525.73,1344613313,1644.8,2243.09,1.226066102
2020/3/5,9062.615803,227.8136058,0.238954871,18562608.98,70042032.86,1347117309,1647.45,2192.35,0.999121178
2020/3/6,9147.085059,244.330236,0.24429203,18084440.76,122314466.7,1586746059,1687,2149.29,1.073488897
2020/3/9,7896.38532,200.1511011,0.2085101,15003719.04,149933311.5,2012070399,1676.6,1995.22,1.14787998
2020/3/10,7909.927875,200.8510905,0.211695133,13309094.53,223121982.1,1642231325,1657.4,2051.96,1.299547803
2020/3/11,7939.341335,194.2360094,0.208072259,11906436.35,155835851.3,1574744357,1662.5,1972.04,1.20830879
2020/3/12,4959.313414,110.3282016,0.139909505,13544827.88,130840913.4,3596290367,1636.65,1776.52,1.235116702
2020/3/13,5627.692388,134.7599857,0.160842008,8634486.982,574694714.8,2755019579,1588.15,1881.64,1.296698272
2020/3/16,5012.927388,110.3490587,0.140329692,7889846.941,201009885.7,1829202303,1504.65,1702.79,1.193453008
2020/3/17,5416.754711,117.7834638,0.149379197,8477516.575,379747427.5,1553039642,1472.35,1772.93,1.231597098
2020/3/18,5392.487836,117.6833437,0.147030661,6941254.719,222784693,1087150158,1506,1682.25,1.16499282
2020/3/19,6203.551632,137.357503,0.165787604,7981376.242,246280973.4,1203126599,1480.7,1694.45,1.306641869
2020/3/20,6174.149476,131.5323233,0.155794642,9446456.658,343510892,2081996655,1504.45,1650.94,1.264478073
2020/3/23,6486.408657,135.5897706,0.15887089,8912695.388,155141963.1,1055238675,1494.5,1602.11,1.160538375
2020/3/24,6775.057619,139.4147922,0.163148905,11290318.11,284307011,1896290041,1599.5,1742.61,1.170288614
2020/3/25,6689.969013,136.095512,0.161692532,8111093.565,284016940.7,939872246.7,1620.95,1785.99,1.125291511
2020/3/26,6754.460336,138.6082155,0.176688103,13691118.21,226038996.8,982877530,1620.1,1875.56,1.135452525
2020/3/27,6490.795415,133.6816147,0.178004358,13411241.26,97401178.96,1213708785,1621.2,1827.17,1.110375026
2020/3/30,6436.9057,132.9023205,0.171970775,11637863.38,103365161.6,1063117757,1624.45,1870.48,1.055633204
2020/3/31,6432.383242,133.5081334,0.174651618,13165642.83,186301830.9,1183183833,1604.65,1852.73,1.025871107
2020/4/1,6643.110009,135.8548065,0.175452739,12386579.19,89947515.05,861593745.7,1594.25,1781.27,1.11369449
2020/4/2,6792.742222,141.1517466,0.17816912,13018917.41,168238042.7,1112746186,1588.05,1803.07,1.115204471
2020/4/3,6751.902552,141.7272113,0.179430599,11436511.55,279129046.5,996027773.8,1609.75,1776.86,1.148502318
2020/4/6,7298.173745,169.6097243,0.196956069,11485342.68,61737463.09,1903887716,1636.6,1881.48,1.164635859
2020/4/7,7187.593337,164.2172595,0.192626267,15735459.96,215734110.4,1534435754,1652.2,1895.04,1.137403304
2020/4/8,7372.194764,173.2947843,0.202193047,13302461.42,180411336,959560031.9,1649.05,1940.08,1.116311861
2020/4/9,7299.579188,170.2836049,0.198913314,14241012.63,143615580.9,2311484768,1662.5,1970.67,1.069383357
2020/4/14,6875.538503,159.0061584,0.186311645,14587959.14,170118314.5,824353875.2,1715.85,2006.81,0.988374018
2020/4/15,6625.475775,152.9511407,0.180760084,14558871.74,107004164.2,1009167505,1712.25,1960.2,1.176886651
2020/4/16,7127.792282,172.9704403,0.191187409,13495677.83,112529486.1,1278047927,1717.85,1964.33,1.111490403
2020/4/17,7081.395198,172.2322206,0.190312296,11584618.69,256066115.1,1073444828,1693.15,2017.51,1.286230614
2020/4/20,6853.273415,171.0137633,0.181926414,14513595.73,64645648.47,999366645.3,1684.95,1994.03,1.049269988
2020/4/21,6870.423699,171.4892329,0.18399001,13280755.5,151878158.1,1086827837,1678.6,1932.25,1.068249134
2020/4/22,7123.65692,182.5818042,0.188298131,11597010.06,90394537.9,950788113,1702.65,1968.27,1.031391221
2020/4/23,7488.605165,185.6463264,0.192587156,13203833.92,102205556,1287058107,1727.55,1974.38,1.287894373
2020/4/24,7506.443316,187.6218413,0.193164581,14000287.8,202186228.2,1901237346,1727.25,1987.65,1.273850389
2020/4/27,7777.491519,196.5657087,0.197530969,13997087.9,82965485.7,1244890679,1717.25,2022.49,1.179406794
2020/4/28,7769.899698,197.4664126,0.216033998,15084394.04,118631651.9,1057322602,1708.1,2023.35,1.215701039
2020/4/29,8761.83717,215.3839521,0.226545791,15737371.44,102426644,3184852306,1706,2070.76,1.195938752
2020/4/30,8652.410991,206.8848653,0.21212266,16397343.77,471328360.4,2685333577,1716.75,2052.85,1.268807178
2020/5/1,8855.535258,212.7136178,0.21815425,17578400.01,479861000,1977433108,1673.05,2004.79,1.250539879
2020/5/4,8881.954305,206.9619266,0.218151507,17898623.63,175862717.8,1301213021,1703.7,1997.75,1.086099006
2020/5/5,8985.879599,204.885417,0.216418551,18282730.76,186639007.4,1158788355,1696.3,2018.11,1.204144266
2020/5/6,9266.813073,202.7360756,0.21506706,20611754.96,182897440.3,1639157503,1698.9,2007.6,1.210363383
2020/5/7,9993.753177,212.9909728,0.218837009,18246780.7,286155701.8,1938783579,1688.65,2026.12,1.31399202
2020/5/11,8591.652884,185.7153723,0.192585372,17168436.34,536864808.3,1697952429,1698.8,2060.7,1.283646981
2020/5/12,8817.250681,189.8184594,0.197255025,8950520.334,524377414,1902634190,1703.45,2034.06,1.279955788
2020/5/13,9322.997202,199.9380226,0.202148563,7822621.054,217646788.1,1840743653,1699.85,1998.48,1.296750555
2020/5/14,9801.269488,203.532877,0.204169522,8245134.851,235919563.6,1256024235,1716.4,1999.89,1.323246377
2020/5/15,9326.875859,195.1219803,0.198294819,8969982.477,332519067.9,1570409120,1734.85,2008.41,1.272443528
2020/5/18,9726.850022,214.7481625,0.205067071,9800851.106,176082868.2,1522447448,1756.9,2069,1.352731383
2020/5/19,9754.201462,213.8204667,0.204740533,8879553.758,230169746.6,1324908762,1735.25,2061.37,1.333283061
2020/5/20,9515.70255,209.8047931,0.201656843,8810740.963,228306109.2,1698883645,1750.05,2092.03,1.327850148
2020/5/21,9068.801229,198.917557,0.194452621,9450405.201,231513104,1827598465,1732.8,2074.1,1.295657931
2020/5/22,9161.815034,207.0636777,0.200165536,7770388.924,302921371.1,1309276220,1732.45,2071.9,1.297051252
2020/5/26,8835.137253,200.8604892,0.193715407,7687822.768,151521072.3,1028006698,1722.75,2114.27,1.307555581
2020/5/27,9169.057439,207.4980038,0.197417728,9241012.007,120113139,1653961345,1705.15,2136.9,1.34352729
2020/5/28,9568.261853,219.378571,0.200386982,8457127.388,148428061,1299498648,1723.3,2148.33,1.281801489
2020/5/29,9432.413333,220.7848263,0.197482197,8526743.19,193513827.7,1652605318,1725.65,2147.88,1.270912551
2020/6/1,10199.13505,249.074953,0.211422373,8910754.391,99233158.44,2405059314,1734.8,2163.92,1.269376455
2020/6/2,9512.346533,237.1796326,0.202516359,8941264.807,280975718,2689299632,1740.25,2187.09,1.283667217
2020/6/3,9642.2734,243.9341395,0.203817014,9081230.369,429398121.5,1367910769,1717.6,2222.54,1.282827432
2020/6/4,9813.360679,243.647766,0.204559456,9764314.2,128440438.9,1754810884,1706.45,2218.5,1.236471563
2020/6/5,9641.891623,240.312976,0.203016993,11573082.69,183077760.7,1798108013,1709.55,2266.76,1.042586804
2020/6/8,9769.342361,245.9683036,0.203915172,10379765.62,129391452.9,1476953361,1692,2288.04,1.151651278
2020/6/9,9779.422166,244.326141,0.20165503,10182263.04,111353754.6,1189532513,1707.5,2275.28,1.176594881
2020/6/10,9888.444175,247.7048795,0.202721723,10401186.39,153220784.2,1185046065,1717.65,2267.36,1.080857506
2020/6/11,9277.451169,230.9044009,0.188369593,11473619.15,158586968.1,2319865800,1731.9,2154.44,1.382471195
2020/6/12,9456.161533,237.1624427,0.192749332,9866334.581,321867038.6,1189940933,1735.85,2164.46,1.355473221
2020/6/15,9441.383211,231.1978397,0.192728982,8280410.6,63632383.61,1689895109,1710.4,2171.44,1.129341761
2020/6/16,9520.091948,235.1366212,0.192192878,9617963.21,244968165,1657379523,1728.35,2219.1,1.22310094
2020/6/17,9448.693561,233.687851,0.193101862,8709273.108,138860025.7,1698265607,1717.3,2217.9,1.271521826
2020/6/18,9389.990766,231.3310989,0.189994327,7714420.955,124106956.1,1191197355,1732.65,2215.64,1.249730742
2020/6/19,9285.991583,228.778224,0.186941618,8736099.478,74041735.81,2333210102,1728.55,2208.97,1.284985049
2020/6/22,9684.620185,243.2207582,0.189740769,8923565.201,36882860.07,1369587320,1745.45,2217.82,1.103866923
2020/6/23,9611.725998,242.921219,0.188736715,9964641.895,134494787.1,2158044284,1756.6,2236.04,1.304964854
2020/6/24,9292.943544,234.8237534,0.183560973,8594577.459,102289235.3,1668568263,1775.7,2180.12,1.288159849
2020/6/25,9247.121432,232.4214207,0.181552278,8504016.548,178365905.8,1809758026,1758.55,2193.4,1.253759667
2020/6/26,9159.437772,229.6941674,0.182743246,9950436.658,166531113.6,1982165061,1762.1,2157.19,1.186091189
2020/6/29,9184.247366,228.0203414,0.17737508,8562734.803,59501520.56,1094780887,1768.8,2176.44,1.248924407
2020/6/30,9143.967585,225.7227548,0.175262094,8801310.462,100083941,964046737.9,1770.7,2201.79,1.189839531
2020/7/1,9241.339612,231.1459185,0.176752426,10124055.94,63158022.98,1468279709,1787.4,2211.27,1.295763333
2020/7/2,9094.387287,226.7015054,0.174998648,9907317.704,98873138.81,1329290846,1771.85,2227.65,1.133437396
2020/7/3,9066.690697,225.0988548,0.176163129,9873738.207,107207537.5,1162725811,1774.65,2226.39,1.198966086
2020/7/6,9338.942591,241.1790812,0.188497281,9573702.526,50720848.73,1413260028,1774.4,2264.29,1.227644104
2020/7/7,9252.158733,239.0134296,0.184915461,9827305.846,113743420,1265052644,1775.5,2243.17,1.103862236
2020/7/8,9434.567956,246.8441157,0.20442687,9269106.007,95242533.96,1582500913,1799.35,2252.64,1.247866834
2020/7/9,9231.502348,241.6518186,0.202198684,10324012.45,121129125.4,1383313673,1812.45,2240.73,1.267096006
2020/7/10,9285.221015,241.0337001,0.198913763,9821730.664,98869845.96,1239897770,1805.75,2259.6,1.208174025
2020/7/13,9236.622501,239.3263738,0.198550966,8910800.363,42610639.38,1354265482,1808.05,2253.76,1.143550707
2020/7/14,9260.356987,240.6388179,0.19921628,9003009.805,78223034.34,1245429103,1798.2,2270.69,1.259092438
2020/7/15,9196.725559,238.3814396,0.197179202,8552242.709,88249714.54,1239461868,1809.3,2298.78,1.313624087
2020/7/16,9132.592312,233.5496741,0.193915569,8476261.345,83393685.66,1266988570,1804.6,2288.81,1.276772463
2020/7/17,9156.46871,232.8454272,0.194519753,7439212.406,88531436.7,1100985769,1802.9,2293.92,1.264411822
2020/7/20,9167.190568,236.3612563,0.194735155,8809861.149,32799397.98,1056788377,1810.3,2312.95,1.287877816
2020/7/21,9388.57435,245.2505954,0.19917638,8215338.734,59994848.86,1326906299,1823.2,2321.55,1.290345384
2020/7/22,9531.25743,264.1991695,0.204000213,9764974.368,114760459.1,1606938398,1851,2327.76,1.260738632
2020/7/23,9609.166715,275.2238125,0.208061704,9402091.579,103269918.1,1733033896,1882.35,2308.12,1.293743603
2020/7/24,9548.100727,279.9075344,0.204464085,10810915.04,168395155,1581504621,1893.85,2291.58,1.314238963
2020/7/27,11046.50833,323.2338869,0.224977855,11099308.3,169823595.6,2520983909,1940.55,2311.62,1.28513553
2020/7/28,10944.61298,318.0155372,0.231232657,12037341.11,569642411.6,2732598812,1931.65,2299.91,1.280557683
2020/7/29,11115.77128,318.0259459,0.243503721,12189404.75,352662968.6,2066537370,1954.35,2319.71,1.283028885
2020/7/30,11135.39073,335.9640829,0.245494309,11301864.7,253835681.1,1893559565,1952.2,2304.01,1.287137022
2020/7/31,11338.19734,346.1799923,0.259443031,12639960.42,201165672.4,2132382807,1974.7,2304.98,1.299889137
2020/8/3,11236.09568,385.4878124,0.309274056,12873862.58,289592847.8,2630857377,1972.95,2324.08,1.326875364
2020/8/4,11202.65191,390.6628647,0.300909679,11438679.08,159671026.5,1514661049,1972.25,2336.82,1.310942876
2020/8/5,11721.43847,400.6011961,0.302837695,10806917.39,122455803.8,1382305624,2034.45,2355.94,1.267972853
2020/8/6,11769.30911,393.9959325,0.303211897,13771270.44,182136390.2,2122100339,2049.15,2359.89,1.277008282
2020/8/7,11598.96906,380.3300539,0.294899045,12898632.94,203809369.9,1897594214,2061.5,2355.97,1.301960691
2020/8/10,11870.36954,395.4078524,0.294527173,11774383.19,59683346.89,2038494057,2030.3,2360.87,1.249095445
2020/8/11,11392.64409,379.111339,0.283466321,12966824.45,218397180.7,1833511323,1996.6,2359.47,1.285126143
2020/8/12,11575.51247,387.2081748,0.28222691,12684820.61,249861736.8,1622537211,1931.7,2391.8,1.300253535
2020/8/13,11773.44812,424.7994601,0.293937112,11879252.3,141688775.6,1705063981,1931,2390.08,1.207145844
2020/8/14,11774.40825,438.0768656,0.300230484,13709961.99,161732026.4,2293744967,1948.3,2384.2,1.264694557
2020/8/17,12315.76242,432.8414642,0.316684282,10390360.22,63773670.15,2046439654,1949.85,2393.97,1.268331056
2020/8/18,11992.696,423.3463321,0.302978931,12747409.95,253521339.7,2363375057,2005.15,2399.37,1.245246229
2020/8/19,11736.84906,406.8794278,0.290123698,11920459.63,217771115.2,1951302614,1993.15,2394.47,1.294059855
2020/8/20,11867.52034,416.2597876,0.292183422,12309250.39,208815095.8,1599895180,1928.05,2389.15,1.265249952
2020/8/21,11524.69895,387.240605,0.279296746,12988330.81,96746302.16,1516606231,1932.85,2392.11,1.344396961
2020/8/24,11771.40805,408.7921995,0.289206087,11845489.15,39027595.4,1349526577,1947.55,2417.05,1.166158577
2020/8/25,11358.45432,383.6049697,0.277618633,10414543.57,75749356.94,1571905464,1925.45,2422.95,1.318086656
2020/8/26,11472.04912,386.3438174,0.276877101,11345447.78,168869325.9,1606738709,1918.5,2446.05,1.302465423
2020/8/27,11314.67374,382.3491505,0.263968018,10690122.01,104337127.4,1582727808,1938.8,2442.79,1.26882631
2020/8/28,11527.88303,395.0397298,0.271688076,13003916.08,152064701.9,2013696414,1955.85,2456.86,1.302147368
2020/9/1,11970.36486,480.7491759,0.296651573,12943722.05,102290923.4,2357189691,1987.95,2467.25,1.273975422
2020/9/2,11414.52093,441.2141341,0.276552625,12071209.2,176627448.5,2108369094,1969,2494.1,1.293518292
2020/9/3,10261.49441,383.542585,0.247867718,10387319.33,265432700.7,2195667067,1934.1,2425.78,1.295405659
2020/9/4,10471.96641,386.669076,0.254618999,10521917.64,361418115.4,2512517216,1937.6,2399.6,1.300009081
2020/9/7,10367.87835,352.806469,0.241989866,12203310.68,89153592.59,1747148282,1928.4,2408.05,1.280486143
2020/9/8,10108.63545,336.7165581,0.236002315,10676168.87,153205856.5,1706304708,1920.6,2354.41,1.249473174
2020/9/9,10223.11141,352.0539486,0.238996307,10385265.13,194156867.1,1479239534,1928.4,2393.75,1.194565423
2020/9/10,10334.63073,367.3808676,0.242933182,11342158.76,113383268.7,1510201426,1944.8,2367.8,1.333325968
2020/9/11,10387.02074,373.9666158,0.243016478,9984827.137,147055601.3,1615058495,1944.5,2368.14,1.328602123
2020/9/14,10662.71991,375.8010037,0.24555957,12485219.77,81937985.72,1641329658,1942.3,2396.37,1.160497602
2020/9/15,10779.38102,363.9365957,0.242912685,11329376.27,143525658.6,1675152817,1963.55,2407.97,1.172355218
2020/9/16,10968.32055,365.3220762,0.247353363,11397006.21,135273030.3,1875402238,1964.8,2403.5,1.309139768
2020/9/17,10936.29275,389.446111,0.252412476,12881875.6,154480376.6,1728645381,1936.1,2383.54,1.268264388
2020/9/18,10920.11284,382.2616763,0.249648014,12027086.74,117116914.3,1937356457,1954.75,2367.99,1.153905552
2020/9/21,10455.37996,342.4563905,0.23190348,10351909.52,69233310.91,1618550494,1930.9,2329.49,1.206441297
2020/9/22,10519.83916,343.5036625,0.232655951,9208013.415,193630537.9,1620744901,1903.1,2343.39,1.286297791
2020/9/23,10233.29957,320.5885909,0.22136629,10252434.96,99403513.65,1930400509,1888.1,2305.57,1.287952528
2020/9/24,10739.04271,349.144016,0.232936956,9928235.839,124490884.2,2038281714,1850.75,2300.3,1.258397307
2020/9/25,10683.63058,351.7139624,0.241718486,12502201.35,124807106.5,1904178399,1870.05,2326.85,1.348089142
2020/9/28,10727.37505,355.459934,0.242093949,9531618.971,50063044.87,1644928782,1850.95,2366.41,1.244179667
2020/9/29,10841.14274,359.7014398,0.242999479,10337349.26,109557462.4,1756325730,1882.4,2359.63,1.274256454
2020/9/30,10772.35177,359.9767525,0.24159862,11484361.34,89865245.23,1561125507,1883.4,2367.27,1.324411436
2020/10/1,10606.61733,352.360856,0.23797907,9416443.243,89894642.89,1674944662,1895.55,2380.02,1.300792403
2020/10/2,10570.10568,345.8012795,0.233917184,10232863.85,183013787.4,2283910067,1906.4,2362.41,1.291145963
2020/10/5,10772.6356,353.1917802,0.24993416,10710768.43,31512003.1,1343799081,1899.65,2403.5,1.199752821
2020/10/6,10596.37355,340.1035199,0.24528865,10054284.61,78412225.05,1385299160,1912.5,2382.57,1.300707385
2020/10/7,10667.19439,341.159964,0.248277227,11193916.29,103826838.3,1847973952,1888,2409.39,1.278854629
2020/10/8,10902.52936,350.5274964,0.251330359,12084850.91,102699834.1,1564119347,1891.35,2427.36,1.22370558
2020/10/9,11074.10368,366.247891,0.253308247,10965183.36,142856446.7,2052602360,1912.4,2447.76,1.313543986
2020/10/12,11548.40156,387.6709687,0.255766255,11515021.1,60215827.9,1519550415,1919.8,2477.92,1.184181315
2020/10/13,11434.96878,381.5442746,0.256306049,12872175.63,166313556.3,1713107902,1920.8,2464.18,1.257751488
2020/10/14,11417.10811,378.828993,0.249249739,11605343.5,117568933.3,1641335688,1896.45,2453.61,1.136457477
2020/10/15,11502.58124,377.5029103,0.245759295,11814116.19,93932070.95,1656087274,1891.7,2435.93,1.261410596
2020/10/16,11338.98718,366.2999499,0.240318289,11742282.09,111854678.1,1735871118,1908.2,2440.14,1.21563509
2020/10/19,11745.81197,379.4630285,0.246155509,9776921.355,29716243.88,1621572966,1910,2417.69,1.27557052
2020/10/20,11929.45725,368.8438627,0.243758523,11710523.41,139587584.3,1656442476,1906.35,2422.71,1.226298278
2020/10/21,12848.49062,392.4731642,0.251606908,11562043.14,167903083,2381891958,1918.95,2417.83,1.297150062
2020/10/22,12997.49934,414.4364058,0.257232142,13585268.79,486931525.6,3311533244,1916.85,2421,1.283932423
2020/10/23,12953.4297,409.3399986,0.254985306,12640081.1,234841376.8,2772642131,1910.6,2430.54,1.284365397
2020/10/26,13080.65617,394.0107566,0.248823142,10435984.48,111062981.4,2143577767,1901.6,2390.08,1.340452455
2020/10/27,13675.52393,404.0454468,0.252523657,10871089.34,176006371,1916977069,1898.9,2381.65,1.299469636
2020/10/28,13290.32885,388.9033636,0.246280457,11446509.26,325461283.4,2517314640,1896.85,2306.65,1.28783919
2020/10/29,13475.2173,386.7884211,0.242673725,12458484.39,310741338.2,2135566368,1876.85,2318.44,1.298560407
2020/10/30,13603.29609,383.59637,0.239439017,12828892.04,228409072.2,1893674939,1875.8,2292.93,1.294094279
2020/11/2,13595.56476,383.8483171,0.235470064,10902576.26,81876480.69,1715336328,1886.75,2322.14,1.326538305
2020/11/3,13996.9154,388.5481997,0.239765735,15826226.37,202098850.1,3811487631,1899.85,2369.27,1.282563386
2020/11/4,14129.1482,401.7956139,0.237752943,16641138.13,213888432.3,1988917620,1888.55,2416.61,1.342291579
2020/11/5,15606.46683,416.9973546,0.245868915,20893224.44,303936796.2,5149644713,1916.8,2466.58,1.281835374
2020/11/6,15618.97247,456.4478809,0.259187999,18889243.16,575483038.2,3527917034,1947.95,2470.05,1.272637765
2020/11/9,15319.81997,444.5479997,0.250698467,20216887.39,168415197.4,2728063356,1957.45,2502.06,1.370687778
2020/11/10,15319.27568,451.5016406,0.254735065,16459647.09,392305674.1,2632911828,1874.9,2507.1,1.225739374
2020/11/11,15731.24111,464.2159425,0.256011365,16020485.03,230269180.4,2715135370,1876.2,2528.25,1.29717317
2020/11/12,16289.8149,462.8664998,0.254890014,17804675.56,298105721.5,3262813497,1868,2509.24,1.247600381
2020/11/13,16330.06277,476.571341,0.264753161,16032046.44,478495947.4,2656697442,1878.2,2529.29,1.276639295
2020/11/16,16743.05394,462.2547316,0.287931653,17711414.83,97292561.75,2343880258,1892.6,2561.5,1.208931319
2020/11/17,17682.16919,482.695005,0.302615872,18324640,293272996.5,3117390382,1885.4,2558.43,1.282460433
2020/11/18,17804.69002,479.4918067,0.294218373,21194109.32,424743958,4148880836,1877.2,2543.36,1.262037065
2020/11/19,17818.66866,471.1500234,0.302293217,16988027.06,633847834.6,2649430668,1857.4,2546.31,1.330062818
2020/11/20,18663.78185,509.5629772,0.328295634,20641618.89,358043942.4,4202034217,1867,2540.02,1.285111857
2020/11/23,18373.25776,607.2141186,0.609156831,18011288.39,276025442.6,2703213541,1863.8,2546.9,1.229474912
2020/11/24,19150.25105,604.5735307,0.699835628,17683648.93,344268444.6,4162955938,1818.1,2587.19,1.271609338
2020/11/25,18748.39371,568.2473563,0.633315471,20363512.96,523228040.5,3581534996,1808.55,2589.67,1.233440948
2020/11/26,17113.71687,518.3973562,0.530406196,18340061.79,357330319,3560329146,1814.85,2590.15,1.296814633
2020/11/27,17101.60302,517.0418172,0.556724922,17988301.56,867494794.1,3539855460,1808.05,2601.45,1.285159448
2020/11/30,19664.40761,613.4694924,0.667397354,14684437.14,192293944,3302208582,1771.95,2583.14,1.31850177
2020/12/1,18820.60779,588.2515552,0.612945111,21143567.33,570429939.2,4627255394,1796.2,2609.01,1.277175283
2020/12/2,19214.87223,598.9264098,0.631992466,18291019.91,586228902.9,2983704874,1832.95,2613.91,1.256613206
2020/12/3,19470.31121,617.55427,0.631054152,21762338.79,311500178.6,2744199631,1834.8,2621.28,1.310205045
2020/12/4,18732.96709,572.1771763,0.557855137,19296507.66,269817738.9,3109317273,1839.3,2639.66,1.321027257
2020/12/7,19182.17683,591.8200953,0.608369454,19343628.02,119935507.5,2103990332,1832.8,2635.88,1.202576087
2020/12/8,18340.97814,554.3185453,0.559537638,18941288.64,176619929.7,3771844232,1864.5,2642.05,1.286537521
2020/12/9,18574.69674,574.2140724,0.584254726,17187411.94,273878281,2599989621,1859.8,2627.53,1.275817914
2020/12/10,18294.84695,560.4503169,0.576051227,16448918.98,377966775.2,3877167092,1834.2,2628.58,1.306710523
2020/12/11,18061.76003,545.4836575,0.552201109,16978667.13,264270264.6,2913875515,1833.65,2621.89,1.325937022
2020/12/14,19286.7513,586.4701813,0.499248847,18516458.63,197236995.3,2685900126,1820.25,2619.43,1.171579117
2020/12/15,19432.58846,589.0008168,0.468827629,18584575.84,156397143.2,3108771397,1844.3,2643.74,1.292509964
2020/12/16,21370.72032,636.2050111,0.556050232,19816346.53,288887515.2,4228699632,1861.35,2654.79,1.309532699
2020/12/17,22789.26742,642.7881502,0.576959097,22338873.25,712598806.5,5540206537,1871.95,2674.87,1.299902845
2020/12/18,23048.76456,652.0101306,0.581338726,27241477.88,1177690832,6176614858,1878.95,2666.3,1.271535987
2020/12/21,22937.41834,612.5464974,0.51961749,23298120.99,301633611.4,3918912339,1869.25,2644.97,1.3453685
2020/12/22,23756.88877,634.1758562,0.447356794,23995220.12,647260163.4,6418279943,1873.3,2643.07,1.302079021
2020/12/23,23307.2709,588.508848,0.26561337,26038110.23,433884278.6,6427851084,1867.1,2651.41,1.246276935
2020/12/24,23707.63304,611.8935716,0.349508364,20751169.5,583254745.8,4019021845,1872.55,2659.04,1.270105952
2020/12/29,27231.20346,731.9362957,0.218215353,28221057.09,511058869.8,5504342175,1873.9,2682.18,1.276643447
2020/12/30,28844.61368,751.2080637,0.211462586,33896444.42,584575020.2,5840540995,1877.55,2686.06,1.25657489
2020/12/31,29022.67141,739.0258499,0.221018258,33284139.09,751041811,5636631338,1891.1,2690.04,1.277365012
2021/1/4,31802.14671,1030.318449,0.235905703,39752808.81,975831414.6,7503147813,1930.8,2670.04,1.318806191
2021/1/5,34013.17417,1101.559814,0.226000843,35314776.48,1432013253,6775407806,1946.55,2684.18,1.292713083
2021/1/6,36643.27772,1199.3524,0.250861982,43004565.11,1026923832,7549976673,1957.2,2699.51,1.293667921
2021/1/7,39215.65115,1220.214213,0.31942851,45226287.01,1414154053,9896769613,1911.05,2734.19,1.269546125
2021/1/8,40775.40456,1219.880721,0.319088307,42358095.26,1836614179,8838843563,1891.3,2753.31,1.295011068
2021/1/11,35269.51372,1082.905686,0.287482946,37697672.11,1415450813,6926936906,1847.8,2730.05,1.3372515
2021/1/12,33712.46855,1038.839418,0.290252911,38534703.86,3039065356,7357383073,1861.85,2734.4,1.324212047
2021/1/13,37296.54753,1127.926763,0.305779647,37493720.35,1344114135,5277220347,1852.4,2739.87,1.264865664
2021/1/14,39045.51834,1212.619222,0.295366391,42518141.32,1209077692,8352711917,1840.25,2738.09,1.29648302
2021/1/15,36710.31742,1167.646851,0.278757634,41733817.69,988940894.5,6530346132,1853.85,2714.81,1.315265806
2021/1/18,36594.2964,1252.156445,0.284838548,36250411.75,650030053.9,3849376580,1833.95,2713.49,1.342526855
2021/1/19,36250.14619,1386.085404,0.296138346,38439879.38,590495165.8,7509307340,1843.1,2732.48,1.278255315
2021/1/20,35515.48001,1367.82304,0.294749835,34297105.94,579558848.9,5094690668,1854.6,2761.48,1.277115723
2021/1/21,31022.95103,1132.694432,0.269375468,30287474.72,913461956.8,4661464273,1867.65,2765.57,1.313049093
2021/1/22,32986.43576,1235.372048,0.272508007,31865792.14,1473827004,5354605408,1853.6,2755.66,1.283418817
2021/1/25,32419.70595,1325.607594,0.268533274,33137293.92,362355621.5,3905630183,1855.6,2756.87,1.380525043
2021/1/26,32640.63914,1361.849003,0.268980273,35209827.73,724029496.8,4228927064,1853.2,2754.12,1.360394143
2021/1/27,30358.93472,1245.938151,0.251222813,30148573.7,782611741.2,5425004804,1846.4,2694.42,1.286615401
2021/1/28,33511.2876,1341.774703,0.266853767,32031715.88,1231838586,4988231553,1839.65,2710.6,1.315946407
2021/1/29,34166.14943,1383.408895,0.283150877,39455373.63,1030518859,8288844085,1852.7,2661.69,1.313147296
2021/2/1,33570.27185,1369.954994,0.378534733,30096215.73,358122291.5,4586348228,1857.8,2697.88,1.313160675
2021/2/2,35596.14891,1524.168252,0.372923117,38671645.46,555827113.9,4346023784,1847.1,2731.95,1.300842533
2021/2/3,37578.37321,1659.520054,0.397576079,39131400.44,598901450.2,4985868434,1834.7,2737.93,1.30181632
2021/2/4,37129.20294,1608.397524,0.452922403,43879560.22,704292313.8,6269136960,1811.55,2757.66,1.286774544
2021/2/5,38045.41361,1720.478466,0.449882848,45671119.75,833075414.8,6157892771,1808.55,2773.45,1.303817669
2021/2/8,46121.93407,1743.544791,0.450520353,48670642.8,507510700.4,8364117755,1811.65,2795.89,1.386773296
2021/2/9,46548.16199,1770.832821,0.472843699,51636507.5,1848583587,10834628125,1846.55,2798.55,1.278955734
2021/2/10,45078.12835,1748.211806,0.508286354,49429153.26,1278680840,7305646116,1843.45,2800.68,1.290298839
2021/2/11,47892.84092,1785.583089,0.526354337,47377470.06,854939011.7,6333458805,1841.7,2807.16,1.271182419
2021/2/12,47525.20914,1846.454201,0.610658741,53308083.08,990292287,7811431840,1818,2818.85,1.272982458
2021/2/15,48110.24173,1787.530622,0.554033336,51761591.28,517594005.2,5028594621,1817.45,2829.67,1.321964755
2021/2/16,49140.38266,1780.619896,0.520458638,42832906.96,708415696.9,6187880486,1823.45,2828.15,1.29682724
2021/2/17,52224.93911,1845.239942,0.538621147,51285528.64,899200170.7,7740989999,1788.85,2815.98,1.291019471
2021/2/18,51650.06995,1932.411527,0.532702033,53678746.91,1071500775,8027247242,1782.8,2802.92,1.305050285
2021/2/19,55820.5044,1961.02429,0.566926302,59244126.44,665321948.2,8975014335,1773.75,2806.47,1.328641824
2021/2/22,53952.15334,1771.208598,0.567957086,52905473.9,515842591.9,8515953766,1798.8,2788.11,1.334959
2021/2/23,48560.48904,1563.045624,0.470833174,48487887.64,1925933019,12102608267,1809.5,2789.21,1.298336512
2021/2/24,49567.34569,1616.563837,0.469358383,59746178.58,2125994180,9123958043,1807.25,2802.4,1.309937233
2021/2/25,47568.13117,1491.463857,0.440271737,57792548.42,1058762335,8084434721,1792.1,2760.26,1.301001885
2021/2/26,46231.76758,1442.303123,0.427254631,47395143.8,915917915.7,7202864759,1765.1,2726.91,1.293684331
2021/3/1,49634.44711,1563.23598,0.446851721,44513744.1,724061272.7,5867267655,1746.95,2783.7,1.347932731
2021/3/2,48304.70549,1489.878894,0.435394846,50567917.71,967845187.2,6707252970,1728.5,2768.25,1.309441853
2021/3/3,50690.46718,1584.067005,0.451166704,55147754.83,645712708.9,6540727320,1727.05,2741.68,1.301007401
2021/3/4,48472.79548,1538.022776,0.476223959,45722350.32,806146031.4,5254550975,1710.05,2706.48,1.287553852
2021/3/5,48800.81736,1530.840292,0.456038663,49815984.01,781773549.7,8571816586,1696.05,2728.56,1.323912208
2021/3/8,52088.47513,1826.125047,0.47443191,53803631.22,439137853.7,6455368739,1694.45,2722.64,1.410230135
2021/3/9,54739.13525,1862.028637,0.483777328,52888356.46,593714546,7267886049,1702.85,2761.82,1.31116065
2021/3/10,56116.04091,1803.424491,0.463014127,57652864.48,757075750.4,7607218390,1711.5,2775.34,1.299936745
2021/3/11,57847.25494,1827.713461,0.452684575,52736912.57,1017432151,7815260935,1736.35,2806.07,1.284828902
2021/3/12,57334.64153,1768.503645,0.439159006,60000114.24,867544807.9,8389445170,1703.85,2807.21,1.314888067
2021/3/15,56121.12192,1796.90511,0.438001005,59673362.69,461229239.3,7391203818,1727.9,2821.85,1.356310189
2021/3/16,56500.44603,1796.951728,0.460797626,57657199.42,1029700471,8414319042,1732.3,2823.69,1.324155477
2021/3/17,58683.06598,1818.8674,0.469780778,54456146.88,933139262.1,6410069888,1736.95,2826.79,1.292900154
2021/3/18,57731.47984,1781.645207,0.469958677,64386085.97,870414831.5,5684429157,1734.1,2802.27,1.261881092
2021/3/19,58168.12192,1810.373835,0.46775245,61617467.95,769968936.6,5953986740,1737.2,2796.14,1.323033318
2021/3/22,54453.13735,1689.113768,0.550966307,58540676.98,493777972.2,5299609270,1733.4,2809.65,1.357444384
2021/3/23,54563.61195,1671.752135,0.553441756,60904323.72,818803864.3,7567504957,1739.25,2788.01,1.352368143
2021/3/24,52595.41132,1586.882413,0.484087447,56905120.73,694554383.7,6956174963,1734.05,2767.26,1.353617987
2021/3/25,51547.1249,1588.932124,0.511971285,55913485.58,930278334.3,7475059268,1729.2,2775.05,1.316496
2021/3/26,54817.85711,1695.669078,0.564454566,49554041.06,798490265.9,7494637392,1727.85,2814.86,1.318635669
2021/3/29,57571.23335,1811.143223,0.565163845,59732041.29,354789416.1,6604751298,1723.95,2811.53,1.282992013
2021/3/30,58684.54839,1840.873997,0.562960542,58978791.98,778905384.4,6286007313,1696.7,2805.1,1.312332404
2021/3/31,58792.19483,1916.880019,0.569782295,63698731.01,505528990.8,6798433825,1685.35,2811.7,1.345339949
2021/4/1,58818.9771,1971.240783,0.569471115,58722692.66,716750367.2,6961929172,1715.85,2840.19,1.336590924
2021/4/6,58084.06642,2116.901262,1.07944718,58865753.67,401549573.2,11383898954,1731.05,2876.23,1.343027368
2021/4/7,56266.83468,1985.397891,0.93097728,61699929.4,389087525.6,6422300910,1736,2881.15,1.30412665
2021/4/8,57963.3446,2078.550036,1.050827075,53025106.54,756167636.1,6112050100,1743.7,2895.61,1.314213851
2021/4/9,58051.76256,2066.053604,1.026109287,62936805.51,475807458.1,6330239987,1747.95,2910.1,1.328603684
2021/4/12,59905.93637,2142.8289,1.45268873,59662203.18,315279095.9,7343373829,1741.55,2907.25,1.345640743
2021/4/13,63445.63831,2297.891691,1.779479574,61441759.04,533381831,9364020483,1728.1,2918.19,1.337717894
2021/4/14,62869.49559,2430.298929,1.832291605,63141327.4,932699539.7,9467805074,1743.3,2913.53,1.288458481
2021/4/15,63231.16299,2519.582255,1.760252497,80172244.97,1004822806,7491319880,1748,2941.75,1.317252273
2021/4/16,61571.11009,2428.352847,1.576712311,48356808.52,480649145.1,7918735254,1766.45,2953.35,1.317298553
2021/4/19,55798.13708,2168.625082,1.318993367,47180246.47,1795641744,7003954976,1788.4,2944.05,1.305400649
2021/4/20,56474.37376,2328.505109,1.383440626,62004693.81,829117286.5,8311557599,1765.5,2915.78,1.329866672
2021/4/21,54025.79957,2363.995234,1.302733339,49225543.81,971129684.1,7009968211,1781.05,2932.98,1.306862505
2021/4/22,51882.05981,2419.705227,1.171903928,64293952.91,629420904.8,8500130356,1785.65,2923.91,1.27619135
2021/4/23,50954.91006,2357.125066,1.155031321,55567384.89,1187405699,11486117187,1785.3,2946.11,1.315820052
2021/4/26,53943.34998,2526.058879,1.345593302,47389587.56,576635611.2,6987267570,1779.65,2956.13,1.314773175
2021/4/27,55027.03098,2646.349339,1.403714646,57182089.26,848207062.8,6828181874,1780.9,2952.01,1.316657338
2021/4/28,54787.37871,2740.230643,1.361126766,56029341.16,509014490.5,5400170408,1764.15,2951.88,1.311624768
2021/4/29,53567.08119,2760.50726,1.394880916,48848197.6,563311741.8,7198764178,1774.65,2963.31,1.364329738
2021/4/30,57741.44442,2770.290058,1.589832677,59389761.3,579652972.7,8038587266,1768.8,2938.76,1.388769759
2021/5/4,53724.10893,3274.891528,1.402557806,68034176.3,571622385,7698193443,1784.95,2922.5,1.336464895
2021/5/5,57342.02566,3525.9241,1.607902289,61161963.09,836868262.6,6381517581,1778.05,2932.84,1.34764428
2021/5/6,56527.35298,3500.543104,1.609621069,66659326.28,775797222.6,7566141015,1793.15,2952.03,1.361765376
2021/5/7,57341.06845,3482.632393,1.57821832,71663298.61,605987088.8,9703541847,1820.5,2979.41,1.296296715
2021/5/10,55902.92774,3954.283158,1.398867582,71072062.5,534233808.4,8099530690,1834.15,2961.57,1.374446744
2021/5/11,56612.10265,4155.771998,1.469316017,64607298.4,903456809,6620873679,1837.15,2928.33,1.349528221
2021/5/12,50972.35508,3975.502271,1.311985051,64585949.48,546570032.5,12953414263,1833.6,2876.79,1.371222884
2021/5/13,49368.61447,3687.15909,1.343211802,53650242.51,928999961.2,11355681896,1814.3,2892.48,1.31155523
2021/5/14,49997.3959,4086.709764,1.405147293,45652932.82,1528100267,7906534590,1833.5,2938.63,1.315543037
2021/5/17,43492.39548,3280.030278,1.491664293,36875391.37,795540649,10100167445,1848.45,2934.18,1.334121628
2021/5/18,42789.80939,3368.239629,1.582377549,30628667.24,1365356635,6401432361,1867.4,2928.68,1.33218696
2021/5/19,37642.52,2535.736236,1.111415349,36558890.15,776420981.7,14642615897,1860,2910.94,1.32228564
2021/5/20,40799.40215,2777.925183,1.179772505,33135536.44,3192479061,12059107969,1869.35,2942.21,1.304127188
2021/5/21,37174.3311,2413.984384,0.997689075,31984319.4,1507671103,7317126300,1877.65,2943.13,1.289615355
2021/5/24,38630.40912,2626.168464,0.967295882,32668797.24,1106858419,7207897768,1876.85,2966.44,1.345942548
2021/5/25,38269.77107,2696.58638,0.970891791,32577927.95,1032788865,6201345379,1882.8,2965.51,1.359462618
2021/5/26,39194.8589,2868.719532,1.029563629,32976616.14,719154798.1,5744713581,1904.3,2969.51,1.300155164
2021/5/27,38510.85704,2743.10335,0.97159029,30872457.37,676198904.2,4886792808,1895.05,2970.64,1.262394282
2021/5/28,35596.71795,2415.303002,0.891914225,29892496.44,489470054.2,5453824455,1892.45,2979.3,1.343872412
2021/6/1,36661.37812,2626.201548,1.009974038,34238305.82,481997703.4,5421714885,1907.7,2982.02,1.365650648
2021/6/2,37639.45567,2713.159868,1.0245525,41033277.74,465003628.5,3845016656,1895.9,2985.97,1.291096494
2021/6/3,39160.15041,2858.600998,1.046941467,37237145.29,472220579.5,4080204482,1892.15,2972.87,1.293653803
2021/6/4,36884.37356,2689.277425,0.969585976,32433139.61,439066611,3411600139,1869.55,2997.36,1.290167015
2021/6/7,33724.90775,2600.159112,0.861755503,32065211.21,244244789.7,3987593297,1882.05,3000.97,1.250724722
2021/6/8,33475.04892,2519.057635,0.875722558,31680869.7,468061636.3,4855389938,1892.05,3001.83,1.286348819
2021/6/9,37372.9889,2605.631105,0.906537352,29082024.73,898174396.7,4061991300,1890.45,2996.64,1.067569262
2021/6/10,36826.00222,2481.380757,0.873860389,28990968.61,839878615.1,4643427946,1882,3007.46,1.311452424
2021/6/11,37185.39313,2345.03142,0.845344144,25753794.51,619830807.7,3501716416,1891.95,3012.67,1.401894276
2021/6/14,40455.59598,2577.044739,0.890541529,36421303.12,496421300.4,4973233613,1859.75,3019.88,1.263461481
2021/6/15,40254.65147,2552.741036,0.869564064,34465050.94,773480687.2,4080041045,1863.85,3017.27,1.294162252
2021/6/16,38265.54377,2360.999387,0.830783791,31780141.8,563639731.4,3918231599,1858.1,3008.48,1.35400787
2021/6/17,38018.64323,2368.388596,0.839968818,32585835.14,527484731.5,3458321392,1806.75,2996.51,1.169748708
2021/6/18,35714.31208,2224.57532,0.795401239,29858234.32,473543196.1,5151710129,1792.35,2954.19,1.164026726
2021/6/21,31715.15986,1900.393078,0.614523845,23126700.28,467990641,4751842584,1782.45,2982.11,1.353235933
2021/6/22,32394.55559,1867.6238,0.548590224,19804046.13,881732120.9,4882368444,1779.1,3001.14,1.392932692
2021/6/23,33610.49681,1962.110044,0.636213216,23621428.33,1181870045,4386486291,1782.9,2998,1.392618861
2021/6/24,34658.97288,1986.665408,0.671617115,23766132.39,567894517.4,3876348202,1780.2,3013.36,1.380862733
2021/6/25,31683.5032,1817.846982,0.615532233,24364896.16,346763748.6,4356792800,1783.25,3024.94,1.395703382
2021/6/28,34376.18854,2079.278336,0.642871256,20581265.56,356498319.4,3708117940,1774.25,3025.22,1.370945632
2021/6/29,35933.77822,2169.990233,0.704158144,21860395.24,355900532.5,3300219147,1769.6,3024.44,1.401325167
2021/6/30,35065.46615,2272.269058,0.698574781,21597056.01,385135142.1,3725912660,1757.8,3017.23,1.359347292
2021/7/1,33505.08049,2114.556084,0.661130671,22482193.6,406967841.5,3625272213,1774,3028.2,1.392820968
2021/7/2,33782.94595,2149.999725,0.652991452,20787750.55,324116506,4454956968,1783.5,3046.09,1.403917178
2021/7/5,33911.75384,2218.632084,0.658809973,29781454.42,130884160.1,2169927055,1790.95,3049.84,1.327586447
2021/7/6,34123.98157,2318.106618,0.66321475,31922406.81,262649988.6,2346543660,1807.8,3042.63,1.097025444
2021/7/7,33931.61864,2317.079545,0.653242615,27871474.46,258109070.3,2415077702,1804.25,3049.66,1.173740122
2021/7/8,32819.65953,2118.924331,0.622372342,29946768.13,205349507.1,3349209077,1810.25,3022.24,1.030018576
2021/7/9,33914.88107,2153.773738,0.639150393,28042394.09,358897369.4,2552942233,1803.4,3053.12,1.259713985
2021/7/12,33135.23591,2033.031335,0.629989663,27887294.47,135783786.1,3530030646,1802.95,3068.27,1.177102119
2021/7/13,32641.97596,1939.640273,0.619649256,28926080.15,192174937.9,2583990658,1807.85,3059.28,1.159622037
2021/7/14,32798.28452,1992.442025,0.618439428,35713899.1,196978689.7,2847291324,1813.05,3058.59,0.909874071
2021/7/15,31707.69004,1912.874301,0.597682257,26360965.37,250745295,3546057522,1832,3043.52,1.21130982
2021/7/16,31455.71758,1878.107587,0.590541802,30312671.3,242886859.9,2855123418,1822,3024.65,0.930522387
2021/7/19,30883.46975,1822.209036,0.560258418,33665753.26,119375610.1,2991573664,1803.25,2975.55,0.913009459
2021/7/20,29766.65772,1785.333954,0.528786217,23622405.81,227653989.4,2934190503,1815.3,3005.86,1.286061041
2021/7/21,32119.65723,1985.492036,0.569261025,28599770.53,334239343.1,3408086709,1805.9,3036.73,1.092054917
2021/7/22,32306.96143,2020.922303,0.591976919,32359585.96,446695087.9,2584131351,1797.4,3046.6,0.949214778
2021/7/23,33439.5957,2112.716264,0.606525265,27972459.85,205069638.9,2519917919,1803.05,3072.38,1.053501852
2021/7/26,37444.78251,2241.159227,0.625762826,36493145.88,213671233.6,8661331075,1808.15,3080.4,1.147170953
2021/7/27,39126.54029,2286.2289,0.642295324,40625844.54,985237333.7,7345558780,1797.15,3068.87,1.092558159
2021/7/28,39939.19404,2297.031344,0.716201678,39723886.33,636929009.5,6002881501,1799.3,3069.49,1.011709707
2021/7/29,40086.1644,2384.454206,0.751612321,40901817.9,648707028.1,8710173274,1819.45,3089.82,1.022161838
2021/7/30,41789.6671,2451.304311,0.751335483,42087445.19,291830057.4,3645326210,1828.25,3069.25,0.92933541
2021/8/2,39304.18628,2619.040999,0.741731105,35937889.13,273365143.7,3383600749,1807.55,3077.11,1.267856245
2021/8/3,38288.8254,2512.915292,0.715207677,41637592.38,304362108.8,3774291696,1809.7,3092.51,0.948733722
2021/8/4,39773.91135,2727.934254,0.731772295,33520445.17,357077322.3,4094514095,1812.45,3085.83,1.179495081
2021/8/5,40941.65043,2825.535309,0.735535887,39935192.17,381430418.4,3189301463,1811.2,3102.23,0.962914531
2021/8/6,42790.35733,2888.034255,0.74581649,41573126.86,589529887,4463338800,1799.45,3098.06,1.037619541
2021/8/9,46265.64246,3158.269216,0.816353807,43228448.22,424351429,6121383054,1741.5,3097.06,1.125952382
2021/8/10,45488.79126,3141.723826,0.851348173,48233368.67,673221003.8,4488621500,1729.55,3099.49,0.98985457
2021/8/11,45676.32636,3168.562989,1.007987577,42939210.62,341739411.7,5806136771,1734.05,3109.97,1.108843374
2021/8/12,44405.74835,3038.061527,0.960508031,42929376.78,357102154.9,3433253898,1755.5,3115.74,1.030409874
2021/8/13,47717.48536,3316.478942,1.086859367,42018438.48,364203587.1,3855116853,1757.65,3125.12,1.243908021
2021/8/16,45984.71991,3157.773836,1.190750745,47962042.26,238769871.1,4336625433,1775.75,3121.99,1.105397012
2021/8/17,44714.0968,3020.571401,1.104311765,51238797.93,328414269.5,2915373923,1794.05,3100.12,1.141141134
2021/8/18,44954.36375,3041.32006,1.159695174,38733931.86,391450533.2,4267113161,1788.1,3078.01,1.248408874
2021/8/19,46646.8615,3173.971823,1.22327508,44064382.99,318619549.5,3132624121,1788.2,3063.22,1.114092584
2021/8/20,49240.8356,3278.218724,1.258976276,48449546.19,334784600,5683508930,1782.95,3080.02,1.152746675
2021/8/23,49590.87637,3322.637851,1.249363986,62783444.84,175696197,5800342005,1786.9,3112.57,0.928536898
2021/8/24,47925.86221,3183.609092,1.151244419,48446097.44,347662893.8,4160097930,1802.95,3122,1.135454006
2021/8/25,49002.3166,3228.703261,1.169542538,48840322.24,329218454.4,6052791788,1794.7,3125.83,0.960131463
2021/8/26,47190.34499,3120.596535,1.093010605,44344740.94,308193605.4,5354725345,1783.8,3110.27,1.019037205
2021/8/27,49048.47559,3270.013099,1.177955255,44045251.7,350695648.3,2921974573,1795.5,3133.67,1.025525534
2021/8/31,47219.24434,3431.947753,1.185626122,43189750.75,243698081.6,4079243404,1814.3,3141.35,1.141913701
2021/9/1,48688.53756,3793.829682,1.229071297,41665458.82,261861261.7,5449363614,1813.9,3151.66,1.256872029
2021/9/2,49369.58627,3791.895936,1.258744362,47307177.3,295404213.2,6517047229,1815.15,3161.46,1.258125812
2021/9/3,49860.53416,3918.582638,1.286962573,47116728.86,333198224.2,4887254784,1812.05,3163.99,1.2684945
2021/9/6,52640.58837,3928.834011,1.386679566,57266555.77,205763894.3,4374020789,1823.85,3169.64,1.087901
2021/9/7,46854.4006,3432.849631,1.12789772,50271634.78,345881388.7,7058595281,1810.75,3158.94,1.140718497
2021/9/8,46187.97573,3507.776449,1.107227069,41770433.46,984208204.1,4580072991,1797.95,3146.96,1.125560697
2021/9/9,46448.77483,3432.863423,1.09187468,40368816.13,440223166.1,5369011441,1795.35,3136.04,1.192685431
2021/9/10,44765.27558,3204.176466,1.051996982,39761194.03,315266287.6,6739492373,1799.9,3122.07,1.19447636
2021/9/13,44991.52213,3289.549854,1.065849965,45344744.03,137153005.2,4380249886,1787.85,3126.1,1.050338767
2021/9/14,47022.61776,3419.675084,1.093123268,49469863.81,398357109.5,4477699681,1788.65,3116.08,1.037876732
2021/9/15,48167.18937,3591.05804,1.119251249,43026873.4,260550303.6,3796133576,1801.4,3127.71,1.331678662
2021/9/16,47797.32832,3567.720925,1.089776166,41447857.66,241115251.8,4153268624,1781.45,3122.57,1.506390096
2021/9/17,47213.79413,3396.521017,1.062938978,45000740.71,265469578.4,3314093143,1766.1,3096.61,1.224006599
2021/9/20,42855.51034,2965.368165,0.917902703,46493150.41,135623202.9,5693199639,1757.15,3046.2,1.214339067
2021/9/21,40526.48938,2745.848173,0.870390775,33328734.04,605141090.3,3816937966,1766.45,3049.68,1.220175537
2021/9/22,43577.57248,3063.721332,0.999223946,36087715.34,726831468.8,3589501923,1775.35,3074.35,1.23450309
2021/9/23,44861.29803,3147.495074,0.998121318,46022168.08,355516149,3583461960,1771.05,3106.42,1.016578461
2021/9/24,42803.3077,2932.559323,0.944047032,40572791.53,369977052.8,4656807424,1755.15,3103.53,1.205603176
2021/9/27,42496.78523,2952.496305,0.927971894,43218816.61,231309916.7,3527097522,1749.15,3095.56,1.051818432
2021/9/28,41223.78627,2815.594708,0.898306436,40399023.49,249740960.4,3691508332,1739.65,3032.7,1.184401961
2021/9/29,41453.94701,2843.271769,0.925010911,34503900.23,275833680.2,3012885642,1741.65,3028.75,1.151118546
2021/9/30,43781.54602,3001.527513,0.951385009,46789306.05,221224597.1,4504376487,1730.95,3006.6,1.253955175
2021/10/1,48078.13155,3299.44177,1.03980873,40884975.74,360342502.3,4232654754,1755.6,3022.83,1.237001443
2021/10/4,49288.50131,3391.623321,1.047461215,47639372.83,183312373.5,4985789606,1751.85,2992.89,1.167222923
2021/10/5,51558.04933,3520.414454,1.080374448,52076953.34,370887916.3,5416025038,1758,3016.19,1.274705579
2021/10/6,55419.80041,3588.434081,1.08021602,43942894.7,437607953.3,6336189182,1748.25,3015.95,1.196702588
2021/10/7,53805.15691,3589.307074,1.067757576,49405388.01,869275029.9,7063813953,1758.55,3046.57,1.430095348
2021/10/8,53933.52759,3561.094105,1.060612816,41966394.78,402001281.2,6223589467,1757.5,3043.74,1.460428058
2021/10/11,57289.18646,3519.56701,1.130064282,52898159.5,294613549.8,5135609835,1752.55,3031.57,1.266067712
2021/10/12,56196.18126,3491.26025,1.101098266,48626582.28,350997309.9,6366837726,1759.1,3024.72,1.312662
2021/10/13,57348.89288,3597.562898,1.127033835,60196305.45,516916488.1,4979962945,1767.45,3039.01,1.107308355
2021/10/14,57384.03691,3786.542237,1.132507841,51775839.06,471270462.4,5891473872,1797.15,3084.59,1.33977365
2021/10/15,61446.08401,3861.712462,1.141119114,54670343.84,339375043.3,8109890837,1781.45,3109.47,1.296617191
2021/10/18,61977.05755,3746.066066,1.082491619,58173901.82,271015043,6507541621,1762.45,3114.01,1.212650628
2021/10/19,64290.89776,3875.044139,1.091069825,61804734.86,753842251.7,7660166169,1779.4,3136.19,1.302747961
2021/10/20,66061.79656,4153.386612,1.14121394,61742492.21,594456878.2,8272914781,1778.15,3147.7,1.179138664
2021/10/21,62373.88562,4065.167432,1.091469222,60807152.15,650092516.5,10401915939,1785.3,3152.33,1.512783581
2021/10/22,60750.96737,3975.543157,1.08973263,63205405.9,917892846,6910857031,1792.3,3151.16,1.168189481
2021/10/25,63031.6729,4214.410589,1.094629706,74417752.59,228927561,5639331921,1799.2,3159.88,1.101719687
2021/10/26,60393.98027,4130.632518,1.107890483,59364122.89,277562724.5,4843465177,1801.9,3167.44,1.21337114
2021/10/27,58563.33599,3947.621928,1.001109591,59080371.71,379278445.2,6142467781,1783.85,3152.05,1.107476529
2021/10/28,60564.57211,4278.770269,1.058457991,58309865.55,590784490.3,6817487230,1798.2,3179.44,1.250332667
2021/10/29,62230.80557,4413.186821,1.079926728,68395070.24,692953330.3,9086217833,1796.3,3174.73,1.067304088
2021/11/1,61092.09506,4325.78806,1.093163128,57638512.19,267709104.1,7239359627,1786.55,3190.54,1.315084277
2021/11/2,63024.74723,4586.379504,1.132777868,62861190.13,412970758.8,8525610066,1791.5,3195.67,1.250437994
2021/11/3,62955.98176,4598.852129,1.207707443,64240988.99,520838604.1,7935879532,1781.85,3212.35,1.17984446
2021/11/4,61393.88998,4535.601844,1.198937526,56277841.55,424004759.4,4812348606,1778.1,3224.63,1.307600287
2021/11/5,61005.84083,4476.897314,1.159230293,60649721.92,282279127.5,6435250914,1793.2,3232.26,1.243942961
2021/11/8,67541.75551,4811.156463,1.285159185,57270493.49,216409013.2,7868335327,1818,3237.44,1.273153207
2021/11/9,67095.58567,4735.696747,1.261926327,65840419.26,577118758.6,8511741830,1824.4,3227.8,1.473930408
2021/11/10,64756.07797,4619.955129,1.18505644,63548112.52,466601853.5,6732821876,1824.95,3201.57,1.362915946
2021/11/11,64962.93129,4727.746316,1.219790391,65183349.25,829053692.5,5229229610,1859.25,3201.99,1.230431203
2021/11/12,64078.96804,4662.7612,1.189451018,57924016.81,309495740.2,6291969520,1850,3223.82,1.262101789
2021/11/15,63753.50316,4569.40777,1.174979441,63153343.38,214318500,5704920149,1863.8,3226.45,1.35035402
2021/11/16,60322.49785,4234.131465,1.094753954,58617039.19,348327874.2,10498129184,1872.25,3230.01,1.259483213
2021/11/17,60154.30837,4265.599006,1.093411258,56531418.52,831553555.7,7480898359,1858.45,3221.03,1.372129799
2021/11/18,56794.15563,3985.674373,1.038063536,53828907.24,549940655.7,10213009489,1860.5,3226.37,1.267871368
2021/11/19,58014.07299,4291.28635,1.088980757,49667132.61,810589480.7,6049553193,1861.4,3219.9,1.275837234
2021/11/22,56383.56588,4096.772401,1.037547818,51325923.63,174269411.8,7023168183,1841.1,3201.49,1.195197007
2021/11/23,57642.2658,4348.156228,1.065879907,48326099.81,494762556.3,6167254619,1797.3,3196.88,1.183716758
2021/11/24,57141.83038,4261.969114,1.031752457,57141084.07,480199475.9,5700109165,1790.8,3198.12,1.245540707
2021/11/25,59008.65548,4526.042951,1.045497164,48130860.02,332409438.8,8960165966,1790.65,3202.44,1.244448577
2021/11/26,53800.61784,4052.008568,0.941500374,46589569.53,289094884.2,11684205362,1809.8,3131.98,1.342729242
2021/11/29,57920.71073,4448.409991,0.993296239,52131631.56,252736299.4,7530278020,1795,3155.73,1.217180105
2021/11/30,57097.01279,4645.053627,1.000793971,48794504.36,367826530.5,6028906432,1797.6,3101.8,1.244173306
2021/12/1,57180.60984,4584.534451,0.990655994,50326073.91,522506214.2,8653248451,1786.8,3087.98,1.406416117
2021/12/2,56582.89377,4527.544757,0.975359665,56025370.8,479668944.2,7681001474,1775.7,3111.17,1.50098691
2021/12/3,53671.61607,4232.933151,0.924851615,60163624.38,431885271.3,5995006291,1773.5,3086.44,1.085296958
2021/12/6,50535.42522,4341.941021,0.825211196,53085916.58,618347670.1,7568392055,1781.25,3117.31,1.09612286
2021/12/7,50574.47283,4303.762652,0.815281673,49684990.71,595736795.6,6656838608,1779.65,3184.17,1.207005727
2021/12/8,50500.65435,4427.312634,0.861219453,53150535.42,308543486.2,6017762761,1789.8,3196.39,0.951603452
2021/12/9,47937.82285,4157.28748,0.871569284,50546267.61,301494308.8,7507375135,1783.4,3172.49,1.329413399