Date,USD (AM),USD (PM),GBP (AM),GBP (PM),EURO (AM),EURO (PM),,Time,,Gold Price,
2019/1/2,1287.2,1282.9,1014.44,1017.34,1125.27,1129.21,,2019/1/1,#N/A,#N/A,
2019/1/3,1287.95,1290.45,1024.05,1024.49,1132.62,1132.24,,2019/1/2,43467,1287.2,
2019/1/4,1290.35,1279.9,1016.8,1013.42,1131.51,1127.34,,2019/1/3,43468,1287.95,
2019/1/7,1291.5,1292.2,1013.83,1011.28,1129.03,1126.93,,2019/1/4,43469,1290.35,
2019/1/8,1283.9,1286.45,1006.71,1010.38,1121.62,1124.36,,2019/1/5,#N/A,#N/A,
2019/1/9,1281.3,1288.6,1006.46,1007.94,1118.32,1118.12,,2019/1/6,#N/A,#N/A,
2019/1/10,1292.4,1291.9,1012.98,1012.46,1121.54,1120.85,,2019/1/7,43472,1291.5,
2019/1/11,1292.8,1288.95,1012.91,1007.57,1121.89,1123.96,,2019/1/8,43473,1283.9,
2019/1/14,1293.7,1292.75,1007.02,1006.15,1129.27,1127.41,,2019/1/9,43474,1281.3,
2019/1/15,1289.35,1294.4,1002.99,1008.6,1127.67,1130.53,,2019/1/10,43475,1292.4,
2019/1/16,1290.5,1292.3,1002.46,1002.95,1130.99,1133.86,,2019/1/11,43476,1292.8,
2019/1/17,1294,1290.7,1004.92,999.39,1135.87,1133.49,,2019/1/12,#N/A,#N/A,
2019/1/18,1285.05,1284.2,993.34,994.74,1126.86,1128.94,,2019/1/13,#N/A,#N/A,
2019/1/21,1278.7,1279.55,995.08,994.08,1124.11,1125.75,,2019/1/14,43479,1293.7,
2019/1/22,1284.75,1282.1,994.14,991.96,1130.58,1129.02,,2019/1/15,43480,1289.35,
2019/1/23,1284.9,1279.8,990.14,979.94,1131.74,1125.84,,2019/1/16,43481,1290.5,
2019/1/24,1279.75,1283.7,981.7,983.57,1128.36,1128.12,,2019/1/17,43482,1294,
2019/1/25,1282.95,1293.9,981.33,985.56,1132.08,1137.08,,2019/1/18,43483,1285.05,
2019/1/28,1301,1302.15,987.98,988.59,1139.81,1139.51,,2019/1/19,#N/A,#N/A,
2019/1/29,1308.35,1307.55,994.48,992.56,1143.24,1144.37,,2019/1/20,#N/A,#N/A,
2019/1/30,1312.95,1310.7,1002.04,1002.55,1148.44,1148.3,,2019/1/21,43486,1278.7,
2019/1/31,1322.5,1323.25,1006.95,1009.38,1152.16,1152.68,,2019/1/22,43487,1284.75,
2019/2/1,1320.75,1318.7,1010.9,1008.54,1151.56,1150.83,,2019/1/23,43488,1284.9,
2019/2/4,1311,1312.15,1004.36,1004.45,1145.55,1147.87,,2019/1/24,43489,1279.75,
2019/2/5,1314,1314.2,1009.15,1013.91,1150.67,1151.37,,2019/1/25,43490,1282.95,
2019/2/6,1313.35,1312.4,1013.51,1012.12,1152.86,1152.94,,2019/1/26,#N/A,#N/A,
2019/2/7,1306.6,1310,1012.88,1009.49,1152.55,1154.11,,2019/1/27,#N/A,#N/A,
2019/2/8,1311.1,1314.85,1012.04,1016.25,1156.65,1159.7,,2019/1/28,43493,1301,
2019/2/11,1306.75,1306.4,1012.86,1014.81,1156.21,1157.08,,2019/1/29,43494,1308.35,
2019/2/12,1311.6,1310,1021.21,1016.56,1163,1160.01,,2019/1/30,43495,1312.95,
2019/2/13,1311.15,1312.8,1017.45,1017.16,1158.79,1161.7,,2019/1/31,43496,1322.5,
2019/2/14,1305.65,1311.45,1017.49,1025.82,1158.5,1161.29,,2019/2/1,43497,1320.75,
2019/2/15,1318,1316.55,1027.64,1027.17,1168.28,1168.17,,2019/2/2,#N/A,#N/A,
2019/2/18,1323.95,1325.5,1025.13,1025.14,1169.58,1170.81,,2019/2/3,#N/A,#N/A,
2019/2/19,1329.55,1334.15,1028.81,1027.03,1175.72,1178.59,,2019/2/4,43500,1311,
2019/2/20,1345.75,1343.75,1032.86,1031.46,1186.82,1185.05,,2019/2/5,43501,1314,
2019/2/21,1335.05,1331.25,1021.85,1019.87,1177.78,1173.63,,2019/2/6,43502,1313.35,
2019/2/22,1322.25,1329.05,1016.15,1020.71,1166.49,1172.49,,2019/2/7,43503,1306.6,
2019/2/25,1329.15,1331.05,1016.8,1018.79,1170.32,1172.39,,2019/2/8,43504,1311.1,
2019/2/26,1327.55,1325.05,1005.49,1005.98,1168.11,1167.24,,2019/2/9,#N/A,#N/A,
2019/2/27,1326.45,1322.85,998.02,992.8,1164.09,1162.39,,2019/2/10,#N/A,#N/A,
2019/2/28,1325.45,1319.15,996.21,991.87,1162.82,1158.74,,2019/2/11,43507,1306.75,
2019/3/1,1309.95,1311.95,989.27,988.03,1152.23,1150.45,,2019/2/12,43508,1311.6,
2019/3/4,1287.45,1285.4,972.93,974.33,1135.14,1135.01,,2019/2/13,43509,1311.15,
2019/3/5,1285,1283.8,975.19,977.61,1134.78,1134.49,,2019/2/14,43510,1305.65,
2019/3/6,1285.55,1285.85,978.82,977.25,1137.45,1136.82,,2019/2/15,43511,1318,
2019/3/7,1286.4,1285.3,978.18,981.2,1137.05,1144.17,,2019/2/16,#N/A,#N/A,
2019/3/8,1294.1,1296.75,989.34,992.79,1153.95,1154.37,,2019/2/17,#N/A,#N/A,
2019/3/11,1296.35,1292.75,998.32,988.57,1153.49,1150.03,,2019/2/18,43514,1323.95,
2019/3/12,1296.95,1297.05,986.85,987.96,1150.78,1150.74,,2019/2/19,43515,1329.55,
2019/3/13,1308.4,1306.95,994.25,991.58,1158.2,1156.13,,2019/2/20,43516,1345.75,
2019/3/14,1299.2,1295.55,982.84,977.49,1148.88,1146.43,,2019/2/21,43517,1335.05,
2019/3/15,1302.65,1303.5,981.55,982.06,1150.5,1150.08,,2019/2/22,43518,1322.25,
2019/3/18,1305.35,1305.6,986.19,986.25,1150.01,1150.89,,2019/2/23,#N/A,#N/A,
2019/3/19,1308.35,1307.7,985.06,986.01,1152.53,1152.08,,2019/2/24,#N/A,#N/A,
2019/3/20,1303,1303.7,985.07,987.94,1147.81,1147.78,,2019/2/25,43521,1329.15,
2019/3/21,1317.3,1309.6,1002.99,998.7,1155.8,1151.79,,2019/2/26,43522,1327.55,
2019/3/22,1311.1,1311.3,998.8,995.28,1159.41,1162.99,,2019/2/27,43523,1326.45,
2019/3/25,1319.35,1319.55,1001.39,999.43,1166.04,1165.82,,2019/2/28,43524,1325.45,
2019/3/26,1315.25,1316.3,993.15,994.73,1162.02,1165.19,,2019/3/1,43525,1309.95,
2019/3/27,1318.25,1309.7,997.78,992.49,1168.23,1164.45,,2019/3/2,#N/A,#N/A,
2019/3/28,1306.9,1295.15,995.2,989.11,1161.18,1152.68,,2019/3/3,#N/A,#N/A,
2019/3/29,1291.15,1295.4,991.09,996.68,1151.19,1153.81,,2019/3/4,43528,1287.45,
2019/4/1,1291.9,1293.5,987.27,986.68,1149.15,1152.25,,2019/3/5,43529,1285,
2019/4/2,1287.2,1290.3,984.97,988.37,1148.95,1151.59,,2019/3/6,43530,1285.55,
2019/4/3,1291.85,1290.45,980.38,981.26,1148.84,1147.98,,2019/3/7,43531,1286.4,
2019/4/4,1291.6,1283.15,981.87,978.66,1149.78,1144.18,,2019/3/8,43532,1294.1,
2019/4/5,1288.9,1288.45,985.11,989.53,1147.51,1148.01,,2019/3/9,#N/A,#N/A,
2019/4/8,1297.1,1300,993.58,996.45,1154.29,1153.49,,2019/3/10,#N/A,#N/A,
2019/4/9,1301.85,1303,995.13,997.71,1155,1155.24,,2019/3/11,43535,1296.35,
2019/4/10,1304.8,1305.45,998.04,999.06,1157.23,1161.07,,2019/3/12,43536,1296.95,
2019/4/11,1304.65,1298.8,997.01,993.19,1156.44,1152.43,,2019/3/13,43537,1308.4,
2019/4/12,1296.15,1294.3,991.68,986.9,1146.06,1143.64,,2019/3/14,43538,1299.2,
2019/4/15,1286.75,1285.65,982.43,981.21,1137.23,1137.41,,2019/3/15,43539,1302.65,
2019/4/16,1283.75,1276.35,981.3,977.17,1137.4,1129.83,,2019/3/16,#N/A,#N/A,
2019/4/17,1276.1,1275.85,978.77,978.19,1127.82,1128.74,,2019/3/17,#N/A,#N/A,
2019/4/18,1276.5,1275.7,981.12,980.12,1134.17,1134.22,,2019/3/18,43542,1305.35,
2019/4/23,1273.45,1269.5,979.67,979.67,1131.46,1132.52,,2019/3/19,43543,1308.35,
2019/4/24,1273.8,1271.65,984.9,982.48,1135.34,1136.35,,2019/3/20,43544,1303,
2019/4/25,1277.85,1280.8,991.87,992.36,1146.87,1149.65,,2019/3/21,43545,1317.3,
2019/4/26,1281.5,1284.2,992.78,993.97,1150.02,1151.16,,2019/3/22,43546,1311.1,
2019/4/29,1282.15,1279.5,991.1,991.1,1148.55,1147.2,,2019/3/23,#N/A,#N/A,
2019/4/30,1285.15,1282.3,989.44,983.78,1145.97,1142.79,,2019/3/24,#N/A,#N/A,
2019/5/1,1281.8,1283.8,980.45,981.47,1140.8,1141.94,,2019/3/25,43549,1319.35,
2019/5/2,1271.45,1270.95,973.55,975.58,1134.39,1136.1,,2019/3/26,43550,1315.25,
2019/5/3,1270.05,1278.55,976.8,980.01,1138.47,1144.3,,2019/3/27,43551,1318.25,
2019/5/7,1281.3,1281.2,978.79,981.01,1144.2,1145.26,,2019/3/28,43552,1306.9,
2019/5/8,1287.75,1285.2,987.83,988.19,1149.7,1147.68,,2019/3/29,43553,1291.15,
2019/5/9,1284.1,1286.1,987.47,989.65,1147.21,1144.5,,2019/3/30,#N/A,#N/A,
2019/5/10,1285.4,1287.1,987.83,987.46,1144.01,1144.36,,2019/3/31,#N/A,#N/A,
2019/5/13,1282.95,1295.6,985.95,994.89,1142.47,1151.27,,2019/4/1,43556,1291.9,
2019/5/14,1297.6,1298.4,1002.14,1005.48,1154.34,1158.04,,2019/4/2,43557,1287.2,
2019/5/15,1298.9,1299.1,1005.87,1011.87,1158.75,1161.53,,2019/4/3,43558,1291.85,
2019/5/16,1295.55,1291.7,1009.62,1009.46,1155.76,1154.78,,2019/4/4,43559,1291.6,
2019/5/17,1285.8,1280.8,1007.55,1005.17,1152.08,1146.7,,2019/4/5,43560,1288.9,
2019/5/20,1275.25,1276.85,1000.05,1003.22,1142.62,1143.42,,2019/4/6,#N/A,#N/A,
2019/5/21,1276,1271.15,1004.85,998.62,1144.19,1139.84,,2019/4/7,#N/A,#N/A,
2019/5/22,1274,1273.8,1005.44,1008.09,1141.12,1141.2,,2019/4/8,43563,1297.1,
2019/5/23,1275.95,1283.65,1009.79,1015.37,1146.19,1152.46,,2019/4/9,43564,1301.85,
2019/5/24,1281.5,1282.5,1011.36,1011.89,1145.92,1145.4,,2019/4/10,43565,1304.8,
2019/5/28,1283.9,1278.3,1012.87,1008.2,1146.91,1142.29,,2019/4/11,43566,1304.65,
2019/5/29,1283.5,1281.65,1016.02,1013.27,1151.04,1150.67,,2019/4/12,43567,1296.15,
2019/5/30,1276.45,1280.95,1010.44,1015.92,1146.25,1151.7,,2019/4/13,#N/A,#N/A,
2019/5/31,1296,1295.55,1029.28,1028.8,1162.12,1161.07,,2019/4/14,#N/A,#N/A,
2019/6/3,1313.95,1317.1,1039.47,1042.35,1175.99,1175.38,,2019/4/15,43570,1286.75,
2019/6/4,1323.6,1324.25,1045.51,1043.77,1177.47,1177.26,,2019/4/16,43571,1283.75,
2019/6/5,1337.75,1335.05,1052.01,1049.22,1185.38,1184.99,,2019/4/17,43572,1276.1,
2019/6/6,1336.65,1335.5,1053.15,1051.17,1189.62,1185.92,,2019/4/18,43573,1276.5,
2019/6/7,1334.3,1340.65,1049.16,1052.14,1184.19,1184.6,,2019/4/19,#N/A,#N/A,
2019/6/10,1328.6,1328.6,1046.94,1048.66,1175.41,1175.94,,2019/4/20,#N/A,#N/A,
2019/6/11,1322.65,1324.3,1040.53,1041.3,1168.96,1170.42,,2019/4/21,#N/A,#N/A,
2019/6/12,1336.65,1332.35,1049.27,1045.76,1179.99,1177.26,,2019/4/22,#N/A,#N/A,
2019/6/13,1335.8,1335.9,1054.21,1052.69,1182.85,1184.81,,2019/4/23,43578,1273.45,
2019/6/14,1352.45,1351.25,1069.79,1070.33,1200.03,1201.8,,2019/4/24,43579,1273.8,
2019/6/17,1333.2,1341.3,1059.49,1065.13,1188.81,1193.09,,2019/4/25,43580,1277.85,
2019/6/18,1344.55,1341.35,1073.22,1070.67,1201.89,1198.09,,2019/4/26,43581,1281.5,
2019/6/19,1342.4,1344.05,1066.67,1066.64,1198.36,1199.43,,2019/4/27,#N/A,#N/A,
2019/6/20,1381.65,1379.5,1086.25,1087.74,1222.9,1221.27,,2019/4/28,#N/A,#N/A,
2019/6/21,1388.35,1397.15,1095.96,1101.93,1228.55,1233.12,,2019/4/29,43584,1282.15,
2019/6/24,1405.45,1405.7,1102.58,1105.3,1233.56,1235.05,,2019/4/30,43585,1285.15,
2019/6/25,1429.55,1431.4,1120.62,1124.36,1255.72,1256.2,,2019/5/1,43586,1281.8,
2019/6/26,1406.75,1403.95,1109.22,1106.73,1238.5,1236.32,,2019/5/2,43587,1271.45,
2019/6/27,1402.25,1402.5,1103.71,1105.87,1233.14,1234.76,,2019/5/3,43588,1270.05,
2019/6/28,1413.2,1409,1114.87,1108.18,1241.07,1237.81,,2019/5/4,#N/A,#N/A,
2019/7/1,1390.05,1390.1,1099.81,1099.99,1227.41,1227.74,,2019/5/5,#N/A,#N/A,
2019/7/2,1393.1,1391.05,1105.01,1101.02,1233.59,1231.77,,2019/5/6,#N/A,#N/A,
2019/7/3,1425.1,1413.5,1133.52,1123.31,1262.78,1251.65,,2019/5/7,43592,1281.3,
2019/7/4,1415.25,1414.9,1125.41,1125.55,1254.19,1254.59,,2019/5/8,43593,1287.75,
2019/7/5,1414.4,1388.65,1126.43,1110.92,1255.99,1237.7,,2019/5/9,43594,1284.1,
2019/7/8,1404.9,1400.1,1121.11,1119.38,1251.2,1248.19,,2019/5/10,43595,1285.4,
2019/7/9,1387.9,1391.55,1113.51,1115.61,1239.39,1241.54,,2019/5/11,#N/A,#N/A,
2019/7/10,1395.45,1408.3,1117.34,1126.78,1243.35,1252.68,,2019/5/12,#N/A,#N/A,
2019/7/11,1423.1,1413.75,1135.06,1126.62,1262.72,1255.83,,2019/5/13,43598,1282.95,
2019/7/12,1405.6,1407.6,1122.23,1122.14,1248.74,1251.5,,2019/5/14,43599,1297.6,
2019/7/15,1416.25,1412.4,1127.76,1127.24,1255.93,1253.79,,2019/5/15,43600,1298.9,
2019/7/16,1416.1,1409.85,1136.85,1134.79,1260.05,1256.88,,2019/5/16,43601,1295.55,
2019/7/17,1400.8,1410.35,1129.61,1135.61,1249.09,1256.9,,2019/5/17,43602,1285.8,
2019/7/18,1420.9,1417.45,1139.7,1135.94,1264.74,1263.51,,2019/5/18,#N/A,#N/A,
2019/7/19,1437.05,1439.7,1148.06,1148.88,1278.11,1281.48,,2019/5/19,#N/A,#N/A,
2019/7/22,1424.45,1427.75,1142.69,1143.63,1270.04,1272.13,,2019/5/20,43605,1275.25,
2019/7/23,1417.55,1425.55,1140.42,1145.29,1268.14,1277.01,,2019/5/21,43606,1276,
2019/7/24,1425.55,1426.95,1142.29,1142.7,1279.86,1279.69,,2019/5/22,43607,1274,
2019/7/25,1426.35,1416.1,1143.08,1132.88,1281.86,1265.85,,2019/5/23,43608,1275.95,
2019/7/26,1418.25,1420.4,1140.27,1144.7,1273.02,1275.95,,2019/5/24,43609,1281.5,
2019/7/29,1418.95,1419.05,1150.91,1157.94,1275.78,1275.3,,2019/5/25,#N/A,#N/A,
2019/7/30,1428.45,1425.9,1173.47,1171.95,1281.75,1279.6,,2019/5/26,#N/A,#N/A,
2019/7/31,1430.55,1427.55,1175.48,1167.45,1283.2,1281.37,,2019/5/27,#N/A,#N/A,
2019/8/1,1406.4,1406.8,1161.12,1161.74,1273.35,1273.29,,2019/5/28,43613,1283.9,
2019/8/2,1436.05,1441.75,1184.17,1187.28,1294.02,1298.44,,2019/5/29,43614,1283.5,
2019/8/5,1457.45,1465.25,1199.92,1203.85,1307.92,1310.23,,2019/5/30,43615,1276.45,
2019/8/6,1461.85,1465.25,1199.59,1201.21,1304.85,1311.11,,2019/5/31,43616,1296,
2019/8/7,1487.65,1506.05,1225.82,1239.33,1330.11,1341.44,,2019/6/1,#N/A,#N/A,
2019/8/8,1497.4,1495.75,1230.26,1234.14,1335.08,1335.7,,2019/6/2,#N/A,#N/A,
2019/8/9,1503.5,1497.7,1242.19,1240.99,1342.02,1338.05,,2019/6/3,43619,1313.95,
2019/8/12,1501.95,1504.7,1244.82,1243.63,1343.64,1341.74,,2019/6/4,43620,1323.6,
2019/8/13,1527.2,1498.4,1265.9,1240.38,1363.48,1338.67,,2019/6/5,43621,1337.75,
2019/8/14,1500.35,1513.25,1241.69,1253.73,1341.61,1356.17,,2019/6/6,43622,1336.65,
2019/8/15,1517.65,1515.65,1254.49,1250.26,1361.48,1363.78,,2019/6/7,43623,1334.3,
2019/8/16,1509.05,1515.25,1242.55,1246.14,1361.46,1367.82,,2019/6/8,#N/A,#N/A,
2019/8/19,1499.35,1496.6,1236.66,1235.29,1350.76,1348.89,,2019/6/9,#N/A,#N/A,
2019/8/20,1502.65,1504.55,1242.69,1239.6,1356.44,1357.86,,2019/6/10,43626,1328.6,
2019/8/21,1499.65,1503.25,1235.41,1238.53,1351.48,1354.43,,2019/6/11,43627,1322.65,
2019/8/22,1498.7,1502.05,1234.63,1225.97,1351.98,1354.1,,2019/6/12,43628,1336.65,
2019/8/23,1495.5,1503.8,1224.37,1228.91,1351.48,1357.63,,2019/6/13,43629,1335.8,
2019/8/27,1531.85,1532.95,1250.91,1247.51,1378.97,1380.88,,2019/6/14,43630,1352.45,
2019/8/28,1541.75,1537.15,1263.31,1258.77,1389.89,1387.43,,2019/6/15,#N/A,#N/A,
2019/8/29,1536.65,1540.2,1260.51,1262.96,1387.29,1392.03,,2019/6/16,#N/A,#N/A,
2019/8/30,1526.55,1528.4,1253.14,1251.15,1382.75,1383.51,,2019/6/17,43633,1333.2,
2019/9/2,1523.35,1525.95,1260.42,1265.01,1388.69,1391.51,,2019/6/18,43634,1344.55,
2019/9/3,1532.45,1537.85,1278.06,1277.8,1400.35,1403.44,,2019/6/19,43635,1342.4,
2019/9/4,1538.8,1546.1,1265.05,1269.97,1397.69,1403.86,,2019/6/20,43636,1381.65,
2019/9/5,1542.6,1529.1,1257.06,1238.72,1397.44,1380.78,,2019/6/21,43637,1388.35,
2019/9/6,1504.95,1523.7,1223.52,1237.09,1363.94,1378.49,,2019/6/22,#N/A,#N/A,
2019/9/9,1509.95,1509.2,1223.81,1220.34,1368.62,1364.92,,2019/6/23,#N/A,#N/A,
2019/9/10,1494.6,1498.25,1211.52,1211.34,1353.51,1357.11,,2019/6/24,43640,1405.45,
2019/9/11,1493.65,1490.65,1208.21,1209.07,1354.74,1355.9,,2019/6/25,43641,1429.55,
2019/9/12,1502.95,1515.2,1219.94,1227.46,1362.88,1373.53,,2019/6/26,43642,1406.75,
2019/9/13,1506.3,1503.1,1209.41,1208.19,1356.88,1358.35,,2019/6/27,43643,1402.25,
2019/9/16,1502.05,1497.2,1207.35,1203.3,1357.25,1359.46,,2019/6/28,43644,1413.2,
2019/9/17,1499.3,1502.1,1208.89,1207.24,1361.51,1360.45,,2019/6/29,#N/A,#N/A,
2019/9/18,1502.2,1503.5,1206.27,1204.9,1360.39,1359.92,,2019/6/30,#N/A,#N/A,
2019/9/19,1498.4,1500.7,1200.67,1201.76,1354.85,1357.08,,2019/7/1,43647,1390.05,
2019/9/20,1504.1,1501.9,1199.07,1203.62,1361.06,1362.52,,2019/7/2,43648,1393.1,
2019/9/23,1519.5,1522.1,1222.13,1225.9,1385.48,1385.11,,2019/7/3,43649,1425.1,
2019/9/24,1520.25,1520.65,1220.76,1216.67,1382.36,1381.36,,2019/7/4,43650,1415.25,
2019/9/25,1530.85,1528.75,1231.11,1234.62,1391.24,1391.77,,2019/7/5,43651,1414.4,
2019/9/26,1507.05,1506.4,1223.72,1219.28,1378.5,1374.89,,2019/7/6,#N/A,#N/A,
2019/9/27,1496.15,1489.9,1218.17,1209.05,1369.58,1362.51,,2019/7/7,#N/A,#N/A,
2019/9/30,1487.6,1485.3,1208.38,1206.06,1361.75,1362.17,,2019/7/8,43654,1404.9,
2019/10/1,1466.1,1473.45,1193.11,1206.17,1345.29,1349.97,,2019/7/9,43655,1387.9,
2019/10/2,1484.05,1492.6,1213.21,1215.13,1359.84,1364.68,,2019/7/10,43656,1395.45,
2019/10/3,1504,1517.1,1221.7,1223.84,1372.25,1380.26,,2019/7/11,43657,1423.1,
2019/10/4,1509.5,1499.15,1223.75,1220.01,1374.7,1366.78,,2019/7/12,43658,1405.6,
2019/10/7,1502.15,1501.25,1221.4,1218.11,1369.36,1365.54,,2019/7/13,#N/A,#N/A,
2019/10/8,1500,1505.85,1225.5,1233.14,1365.3,1372.28,,2019/7/14,#N/A,#N/A,
2019/10/9,1503.4,1507.25,1228.43,1232.93,1369,1372.65,,2019/7/15,43661,1416.25,
2019/10/10,1508.2,1494.8,1232.35,1222.75,1368.69,1356.38,,2019/7/16,43662,1416.1,
2019/10/11,1498.35,1479.15,1197.93,1166.01,1359.9,1338.33,,2019/7/17,43663,1400.8,
2019/10/14,1494.2,1490.6,1188.79,1182.94,1354.04,1352.12,,2019/7/18,43664,1420.9,
2019/10/15,1494.75,1487.8,1183.69,1178.34,1357.08,1353.3,,2019/7/19,43665,1437.05,
2019/10/16,1482.55,1485.1,1166.32,1155.85,1344.52,1343.27,,2019/7/20,#N/A,#N/A,
2019/10/17,1484.45,1492.65,1151.64,1162.63,1336.6,1341.59,,2019/7/21,#N/A,#N/A,
2019/10/18,1487.5,1490,1154.15,1155.64,1336.67,1337.28,,2019/7/22,43668,1424.45,
2019/10/21,1490.85,1491.65,1147.81,1148.27,1334.91,1337.12,,2019/7/23,43669,1417.55,
2019/10/22,1487.45,1485.35,1149.5,1149.66,1335.28,1334.14,,2019/7/24,43670,1425.55,
2019/10/23,1494.25,1494.45,1162.53,1159.84,1343.78,1343.66,,2019/7/25,43671,1426.35,
2019/10/24,1488.85,1496.55,1154.75,1163.12,1338.03,1346.45,,2019/7/26,43672,1418.25,
2019/10/25,1504.65,1513.45,1171.82,1180.79,1353.28,1364.22,,2019/7/27,#N/A,#N/A,
2019/10/28,1505.05,1492.4,1172.89,1160.94,1356.95,1345.55,,2019/7/28,#N/A,#N/A,
2019/10/29,1492.75,1486.75,1164.79,1155.2,1347.8,1338.37,,2019/7/29,43675,1418.95,
2019/10/30,1490.15,1492.1,1156.65,1159.81,1340.39,1342.74,,2019/7/30,43676,1428.45,
2019/10/31,1506.4,1510.95,1163.09,1168.57,1348.53,1356.53,,2019/7/31,43677,1430.55,
2019/11/1,1509.85,1508.8,1165.76,1164.49,1354.79,1351.28,,2019/8/1,43678,1406.4,
2019/11/4,1509.2,1509.45,1168.57,1169.52,1352.39,1353.98,,2019/8/2,43679,1436.05,
2019/11/5,1504.6,1488.95,1166.37,1156.17,1352.18,1344.67,,2019/8/3,#N/A,#N/A,
2019/11/6,1488.55,1486.05,1155.26,1154.51,1342.23,1341.31,,2019/8/4,#N/A,#N/A,
2019/11/7,1484.1,1484.25,1153.44,1156.82,1339.4,1341.76,,2019/8/5,43682,1457.45,
2019/11/8,1466.85,1464.15,1144.58,1142.62,1328.09,1328.13,,2019/8/6,43683,1461.85,
2019/11/11,1465.5,1458.7,1144.41,1132.39,1328.33,1321.87,,2019/8/7,43684,1487.65,
2019/11/12,1455,1452.05,1134.03,1130.42,1319.69,1318.17,,2019/8/8,43685,1497.4,
2019/11/13,1463.45,1462.9,1138.86,1140.62,1328.23,1328.46,,2019/8/9,43686,1503.5,
2019/11/14,1467.65,1466.65,1141.39,1142.52,1334.24,1333.18,,2019/8/10,#N/A,#N/A,
2019/11/15,1465.6,1466.9,1138.04,1136.41,1329.59,1327.84,,2019/8/11,#N/A,#N/A,
2019/11/18,1458.4,1467.65,1124.86,1132.59,1318.1,1325.88,,2019/8/12,43689,1501.95,
2019/11/19,1464.9,1468.45,1132.37,1134.23,1323.68,1325.86,,2019/8/13,43690,1527.2,
2019/11/20,1475.7,1471.7,1143.52,1138.95,1333.74,1328.36,,2019/8/14,43691,1500.35,
2019/11/21,1468.9,1467.05,1134.43,1133.15,1325.09,1324.01,,2019/8/15,43692,1517.65,
2019/11/22,1471.3,1464.45,1143.05,1140.22,1330.35,1326.06,,2019/8/16,43693,1509.05,
2019/11/25,1459.45,1458.4,1133.41,1130.84,1325.33,1323.35,,2019/8/17,#N/A,#N/A,
2019/11/26,1457.65,1454.65,1133.76,1131.86,1322.96,1321.11,,2019/8/18,#N/A,#N/A,
2019/11/27,1459.8,1454.35,1134.12,1129.74,1326.23,1322.3,,2019/8/19,43696,1499.35,
2019/11/28,1457.55,1454.65,1127.27,1127.35,1323.6,1321.84,,2019/8/20,43697,1502.65,
2019/11/29,1456.35,1460.15,1129.55,1131.32,1323.24,1327.42,,2019/8/21,43698,1499.65,
2019/12/2,1457.5,1461.15,1130,1130.05,1323.26,1321.17,,2019/8/22,43699,1498.7,
2019/12/3,1470.4,1477.3,1132.5,1136.78,1328.51,1333.12,,2019/8/23,43700,1495.5,
2019/12/4,1475.85,1475.1,1131.53,1125.94,1332.54,1327.89,,2019/8/24,#N/A,#N/A,
2019/12/5,1474.6,1475.95,1122.76,1122.31,1329.65,1329.54,,2019/8/25,#N/A,#N/A,
2019/12/6,1474.85,1459.65,1122.8,1112.4,1328.54,1320.25,,2019/8/26,#N/A,#N/A,
2019/12/9,1463.6,1461.7,1112.04,1111.48,1323.09,1320.06,,2019/8/27,43704,1531.85,
2019/12/10,1464.45,1464.95,1112.25,1112.04,1322.69,1322.26,,2019/8/28,43705,1541.75,
2019/12/11,1468.05,1466.8,1116.89,1112.71,1324.92,1322.47,,2019/8/29,43706,1536.65,
2019/12/12,1474.7,1467.8,1117.82,1116.56,1325.02,1319.55,,2019/8/30,43707,1526.55,
2019/12/13,1470.6,1466.6,1097.51,1099.07,1315.6,1315.1,,2019/8/31,#N/A,#N/A,
2019/12/16,1477.4,1477.9,1106.87,1108.13,1325.97,1325.23,,2019/9/1,#N/A,#N/A,
2019/12/17,1478.4,1475.8,1120.63,1121.76,1325.24,1323.35,,2019/9/2,43710,1523.35,
2019/12/18,1478.9,1474.05,1128.99,1127.65,1328.2,1325.91,,2019/9/3,43711,1532.45,
2019/12/19,1474.4,1476.7,1125.56,1132.33,1324.01,1327.55,,2019/9/4,43712,1538.8,
2019/12/20,1476.9,1479,1132.19,1133.95,1328.47,1334.35,,2019/9/5,43713,1542.6,
2019/12/23,1483.95,1482.1,1141.9,1145.81,1338.97,1336.85,,2019/9/6,43714,1504.95,
2019/12/24,1490.85,,1152.58,,1345.94,,,2019/9/7,#N/A,#N/A,
2019/12/27,1510.6,1511.5,1156.36,1152.67,1356.37,1353.85,,2019/9/8,#N/A,#N/A,
2019/12/30,1511.5,1514.75,1152.37,1152.57,1350.22,1351.91,,2019/9/9,43717,1509.95,
2019/12/31,1523,,1157.78,,1358.06,,,2019/9/10,43718,1494.6,
2020/1/2,1520.55,1527.1,1151.36,1161.51,1358.46,1366.91,,2019/9/11,43719,1493.65,
2020/1/3,1547.4,1548.75,1182.37,1184.48,1389.57,1387.99,,2019/9/12,43720,1502.95,
2020/1/6,1576.85,1573.1,1198.09,1197.29,1408.44,1406.51,,2019/9/13,43721,1506.3,
2020/1/7,1566.5,1567.85,1190.85,1197.05,1402.8,1406.52,,2019/9/14,#N/A,#N/A,
2020/1/8,1582.85,1571.95,1206.13,1197.35,1421.87,1412.87,,2019/9/15,#N/A,#N/A,
2020/1/9,1547.85,1550.75,1186.89,1188.49,1393.99,1396.14,,2019/9/16,43724,1502.05,
2020/1/10,1548.8,1553.6,1185.45,1189.28,1395.78,1399.64,,2019/9/17,43725,1499.3,
2020/1/13,1550.35,1549.9,1194.54,1192.96,1394.85,1393.52,,2019/9/18,43726,1502.2,
2020/1/14,1544.95,1545.1,1190.69,1188.49,1387.83,1389.35,,2019/9/19,43727,1498.4,
2020/1/15,1551.9,1549,1194.65,1189.01,1394.23,1389.14,,2019/9/20,43728,1504.1,
2020/1/16,1555.2,1554.55,1190.97,1190.94,1393.61,1394.9,,2019/9/21,#N/A,#N/A,
2020/1/17,1556.5,1557.6,1193.21,1195.15,1399.6,1402.93,,2019/9/22,#N/A,#N/A,
2020/1/20,1559.25,1560.15,1200.93,1200.38,1406.76,1407.72,,2019/9/23,43731,1519.5,
2020/1/21,1556.25,1551.3,1192.87,1188.14,1401.25,1397.26,,2019/9/24,43732,1520.25,
2020/1/22,1558.1,1556.9,1193.19,1186.2,1404.78,1406.04,,2019/9/25,43733,1530.85,
2020/1/23,1554.05,1562.9,1182.94,1191.24,1401.91,1411.77,,2019/9/26,43734,1507.05,
2020/1/24,1561.85,1564.3,1192.63,1194.19,1415.04,1418.04,,2019/9/27,43735,1496.15,
2020/1/27,1583.45,1580.1,1209.28,1210.04,1436.66,1433.94,,2019/9/28,#N/A,#N/A,
2020/1/28,1579.6,1574,1212.19,1211.04,1433.33,1430.77,,2019/9/29,#N/A,#N/A,
2020/1/29,1571.2,1573.45,1207.31,1209.2,1428.38,1429.95,,2019/9/30,43738,1487.6,
2020/1/30,1580.4,1578.25,1213.75,1206.41,1435.16,1431.31,,2019/10/1,43739,1466.1,
2020/1/31,1580.85,1584.2,1205.24,1204.63,1433.51,1431.96,,2019/10/2,43740,1484.05,
2020/2/3,1578.85,1574.75,1207.98,1209.41,1426.65,1425.46,,2019/10/3,43741,1504,
2020/2/4,1571.2,1558.35,1207.62,1196.66,1421.62,1411.09,,2019/10/4,43742,1509.5,
2020/2/5,1552.2,1553.3,1189.3,1198.22,1407.53,1411.79,,2019/10/5,#N/A,#N/A,
2020/2/6,1564.75,1563.3,1205.95,1206.71,1421.89,1422.45,,2019/10/6,#N/A,#N/A,
2020/2/7,1568.3,1572.65,1212.45,1214.56,1432.33,1433.63,,2019/10/7,43745,1502.15,
2020/2/10,1574.05,1573.2,1219.26,1215.93,1437.11,1439.64,,2019/10/8,43746,1500,
2020/2/11,1567.7,1570.5,1212.77,1211.33,1436.01,1438.26,,2019/10/9,43747,1503.4,
2020/2/12,1566.75,1563.7,1206.55,1206.55,1434.83,1434.54,,2019/10/10,43748,1508.2,
2020/2/13,1575,1575.05,1213.54,1207.59,1447.27,1450.94,,2019/10/11,43749,1498.35,
2020/2/14,1576.35,1581.4,1209.69,1214.2,1453.08,1456.79,,2019/10/12,#N/A,#N/A,
2020/2/17,1580.3,1580.8,1212.41,1215.16,1457.04,1458.29,,2019/10/13,#N/A,#N/A,
2020/2/18,1588.2,1589.85,1218.47,1220.37,1467.34,1470.77,,2019/10/14,43752,1494.2,
2020/2/19,1609.5,1604.2,1239.8,1237.8,1490.4,1486.29,,2019/10/15,43753,1494.75,
2020/2/20,1610.35,1619,1250.11,1258.45,1491.99,1496.77,,2019/10/16,43754,1482.55,
2020/2/21,1633.7,1643.3,1264.81,1269.12,1512.48,1515.29,,2019/10/17,43755,1484.45,
2020/2/24,1682.35,1671.65,1304.49,1293.69,1555.84,1540.26,,2019/10/18,43756,1487.5,
2020/2/25,1655.9,1650.3,1275.54,1271.39,1528.06,1522.73,,2019/10/19,#N/A,#N/A,
2020/2/26,1647.95,1634.9,1273.37,1264.76,1515.45,1505.42,,2019/10/20,#N/A,#N/A,
2020/2/27,1646.6,1652,1278.58,1282.45,1505.32,1504.97,,2019/10/21,43759,1490.85,
2020/2/28,1626.35,1609.85,1262.37,1254.88,1474.61,1468.18,,2019/10/22,43760,1487.45,
2020/3/2,1609.7,1599.65,1258.79,1251.41,1451.47,1437.29,,2019/10/23,43761,1494.25,
2020/3/3,1599.05,1615.5,1249.98,1260.25,1438.03,1446.03,,2019/10/24,43762,1488.85,
2020/3/4,1644.8,1641.85,1286.73,1281.63,1475.06,1477.83,,2019/10/25,43763,1504.65,
2020/3/5,1647.45,1659.6,1274.47,1284.7,1474.63,1482.69,,2019/10/26,#N/A,#N/A,
2020/3/6,1687,1683.65,1296.8,1290.85,1490.13,1484.31,,2019/10/27,#N/A,#N/A,
2020/3/9,1676.6,1672.5,1280.75,1272.94,1469.04,1462.1,,2019/10/28,43766,1505.05,
2020/3/10,1657.4,1655.7,1269.4,1273.23,1460,1455.86,,2019/10/29,43767,1492.75,
2020/3/11,1662.5,1653.75,1284.78,1279.01,1468.65,1462.25,,2019/10/30,43768,1490.15,
2020/3/12,1636.65,1570.7,1284.28,1246.35,1457.11,1410.96,,2019/10/31,43769,1506.4,
2020/3/13,1588.15,1562.8,1258.61,1248.83,1422.66,1407.3,,2019/11/1,43770,1509.85,
2020/3/16,1504.65,1487.7,1223.28,1210.54,1346.36,1338.93,,2019/11/2,#N/A,#N/A,
2020/3/17,1472.35,1536.2,1212.04,1275.66,1331,1400.4,,2019/11/3,#N/A,#N/A,
2020/3/18,1506,1498.2,1254.5,1271.22,1367,1378.04,,2019/11/4,43773,1509.2,
2020/3/19,1480.7,1474.25,1285.54,1257.83,1369.94,1365.89,,2019/11/5,43774,1504.6,
2020/3/20,1504.45,1494.4,1275.32,1258.28,1400.34,1391.59,,2019/11/6,43775,1488.55,
2020/3/23,1494.5,1525.4,1288.86,1312.91,1399.6,1411,,2019/11/7,43776,1484.1,
2020/3/24,1599.5,1605.75,1362.61,1371.47,1472.98,1489.49,,2019/11/8,43777,1466.85,
2020/3/25,1620.95,1605.45,1357.22,1371.38,1494.84,1486.17,,2019/11/9,#N/A,#N/A,
2020/3/26,1620.1,1634.8,1361.37,1358.19,1480.12,1487.01,,2019/11/10,#N/A,#N/A,
2020/3/27,1621.2,1617.3,1325.33,1316.16,1473.18,1469.48,,2019/11/11,43780,1465.5,
2020/3/30,1624.45,1618.3,1312.56,1305.97,1466.88,1466.02,,2019/11/12,43781,1455,
2020/3/31,1604.65,1608.95,1299.61,1296.81,1461.52,1468.81,,2019/11/13,43782,1463.45,
2020/4/1,1594.25,1576.55,1288.95,1270.23,1457.94,1442.86,,2019/11/14,43783,1467.65,
2020/4/2,1588.05,1616.8,1277.59,1307.02,1452.27,1489.72,,2019/11/15,43784,1465.6,
2020/4/3,1609.75,1613.1,1310.66,1315.97,1490.47,1495.34,,2019/11/16,#N/A,#N/A,
2020/4/6,1636.6,1648.3,1330.72,1341.06,1515.49,1526.66,,2019/11/17,#N/A,#N/A,
2020/4/7,1652.2,1649.25,1344.23,1333.75,1519.53,1511.21,,2019/11/18,43787,1458.4,
2020/4/8,1649.05,1647.8,1338.37,1330.27,1517.13,1514,,2019/11/19,43788,1464.9,
2020/4/9,1662.5,1680.65,1339.48,1348.22,1529,1538.13,,2019/11/20,43789,1475.7,
2020/4/14,1715.85,1741.9,1367.36,1383.07,1567.94,1588.26,,2019/11/21,43790,1468.9,
2020/4/15,1712.25,1718.65,1367.92,1377.33,1566.02,1580.99,,2019/11/22,43791,1471.3,
2020/4/16,1717.85,1729.5,1378.57,1382.91,1581.45,1589.06,,2019/11/23,#N/A,#N/A,
2020/4/17,1693.15,1692.55,1362.48,1354.04,1564.47,1555.79,,2019/11/24,#N/A,#N/A,
2020/4/20,1684.95,1686.2,1349.14,1355.7,1547.63,1551.98,,2019/11/25,43794,1459.45,
2020/4/21,1678.6,1682.05,1358.16,1364.82,1548,1547.82,,2019/11/26,43795,1457.65,
2020/4/22,1702.65,1710.55,1377.95,1388.28,1567.46,1576.44,,2019/11/27,43796,1459.8,
2020/4/23,1727.55,1736.25,1399.49,1405.84,1601.78,1608.64,,2019/11/28,43797,1457.55,
2020/4/24,1727.25,1715.9,1401.32,1391.59,1604.96,1589.09,,2019/11/29,43798,1456.35,
2020/4/27,1717.25,1714.95,1381.36,1380.19,1582.96,1581.18,,2019/11/30,#N/A,#N/A,
2020/4/28,1708.1,1691.55,1367.68,1357.98,1571.11,1559.27,,2019/12/1,#N/A,#N/A,
2020/4/29,1706,1703.35,1371.97,1368.64,1569.69,1568.1,,2019/12/2,43801,1457.5,
2020/4/30,1716.75,1702.75,1373.92,1361.69,1577.86,1568.91,,2019/12/3,43802,1470.4,
2020/5/1,1673.05,1686.25,1332.08,1347.15,1523.14,1536.68,,2019/12/4,43803,1475.85,
2020/5/4,1703.7,1709.1,1371.14,1374.63,1558.72,1563.83,,2019/12/5,43804,1474.6,
2020/5/5,1696.3,1699.55,1363.83,1363.72,1566.36,1562.91,,2019/12/6,43805,1474.85,
2020/5/6,1698.9,1691.5,1373.56,1366.73,1574.71,1564.13,,2019/12/7,#N/A,#N/A,
2020/5/7,1688.65,1704.05,1366.29,1387.78,1565.21,1582.38,,2019/12/8,#N/A,#N/A,
2020/5/11,1698.8,1702.75,1375.35,1378.55,1570.2,1571.81,,2019/12/9,43808,1463.6,
2020/5/12,1703.45,1702.4,1381.84,1379.8,1574.5,1565.87,,2019/12/10,43809,1464.45,
2020/5/13,1699.85,1708.4,1383.85,1394.74,1568.11,1573.09,,2019/12/11,43810,1468.05,
2020/5/14,1716.4,1731.6,1403.67,1420.09,1587.84,1603.98,,2019/12/12,43811,1474.7,
2020/5/15,1734.85,1735.35,1422.06,1427.67,1604.39,1602.6,,2019/12/13,43812,1470.6,
2020/5/18,1756.9,1734.7,1450.85,1423.15,1625.84,1597.66,,2019/12/14,#N/A,#N/A,
2020/5/19,1735.25,1737.95,1416.14,1418.34,1584.11,1589.01,,2019/12/15,#N/A,#N/A,
2020/5/20,1750.05,1748.3,1428.74,1424.86,1597.62,1591.65,,2019/12/16,43815,1477.4,
2020/5/21,1732.8,1724.9,1417.78,1410.45,1580.49,1571.04,,2019/12/17,43816,1478.4,
2020/5/22,1732.45,1733.55,1421.99,1423.59,1588.83,1590.71,,2019/12/18,43817,1478.9,
2020/5/26,1722.75,1720.25,1399.22,1393.57,1571.32,1566.63,,2019/12/19,43818,1474.4,
2020/5/27,1705.15,1694.6,1385.95,1382.12,1552.71,1541.92,,2019/12/20,43819,1476.9,
2020/5/28,1723.3,1717.35,1403.28,1398.27,1564.93,1556.61,,2019/12/21,#N/A,#N/A,
2020/5/29,1725.65,1728.7,1401.92,1399.73,1550.15,1554.97,,2019/12/22,#N/A,#N/A,
2020/6/1,1734.8,1730.6,1398.77,1393.13,1559.76,1556.16,,2019/12/23,43822,1483.95,
2020/6/2,1740.25,1742.15,1385.76,1386.58,1556.83,1556.44,,2019/12/24,43823,1490.85,
2020/6/3,1717.6,1705.35,1364.8,1355.41,1531.41,1519.81,,2019/12/25,#N/A,#N/A,
2020/6/4,1706.45,1700.05,1363.97,1353.58,1523.86,1507.77,,2019/12/26,#N/A,#N/A,
2020/6/5,1709.55,1683.45,1353.79,1327.91,1510.22,1490.53,,2019/12/27,43826,1510.6,
2020/6/8,1692,1690.35,1333.97,1331.32,1496.91,1494.61,,2019/12/28,#N/A,#N/A,
2020/6/9,1707.5,1713.5,1350.46,1348.87,1515.41,1510.62,,2019/12/29,#N/A,#N/A,
2020/6/10,1717.65,1722.05,1346.64,1350.26,1511.88,1515.23,,2019/12/30,43829,1511.5,
2020/6/11,1731.9,1738.25,1361.79,1373.74,1519.57,1528.1,,2019/12/31,43830,1523,
2020/6/12,1735.85,1733.5,1374.1,1378.13,1533.28,1534.15,,2020/1/1,#N/A,#N/A,
2020/6/15,1710.4,1710.45,1365.58,1361.52,1520.72,1516.83,,2020/1/2,43832,1520.55,
2020/6/16,1728.35,1719.85,1366.61,1361.78,1525.44,1526.54,,2020/1/3,43833,1547.4,
2020/6/17,1717.3,1724.35,1368.69,1375.17,1527.88,1537.26,,2020/1/4,#N/A,#N/A,
2020/6/18,1732.65,1719.5,1384.73,1383.51,1539.29,1532.93,,2020/1/5,#N/A,#N/A,
2020/6/19,1728.55,1734.75,1392.17,1401.16,1541.18,1545.49,,2020/1/6,43836,1576.85,
2020/6/22,1745.45,1761.85,1405.26,1418.11,1555.72,1567.17,,2020/1/7,43837,1566.5,
2020/6/23,1756.6,1768.9,1409.85,1416.36,1556.17,1560.7,,2020/1/8,43838,1582.85,
2020/6/24,1775.7,1766.05,1420.74,1416.9,1573.63,1567.55,,2020/1/9,43839,1547.85,
2020/6/25,1758.55,1756.55,1412.64,1414.73,1565.29,1565.79,,2020/1/10,43840,1548.8,
2020/6/26,1762.1,1747.6,1420.61,1414.51,1570.03,1559.91,,2020/1/11,#N/A,#N/A,
2020/6/29,1768.8,1771.6,1434.67,1440.31,1571.23,1573.54,,2020/1/12,#N/A,#N/A,
2020/6/30,1770.7,1768.1,1444.18,1436.58,1580.35,1577.32,,2020/1/13,43843,1550.35,
2020/7/1,1787.4,1771.05,1441.9,1424.63,1592.93,1574.82,,2020/1/14,43844,1544.95,
2020/7/2,1771.85,1777.45,1415,1421.6,1568.97,1577.13,,2020/1/15,43845,1551.9,
2020/7/3,1774.65,1772.9,1426.29,1422.4,1580.33,1577.7,,2020/1/16,43846,1555.2,
2020/7/6,1774.4,1787.9,1420.76,1429.43,1572.12,1578.36,,2020/1/17,43847,1556.5,
2020/7/7,1775.5,1789.55,1423.77,1424.84,1576.11,1585,,2020/1/18,#N/A,#N/A,
2020/7/8,1799.35,1811.1,1438.4,1438.74,1596.38,1598.48,,2020/1/19,#N/A,#N/A,
2020/7/9,1812.45,1812.1,1434.01,1431.74,1600.57,1600.08,,2020/1/20,43850,1559.25,
2020/7/10,1805.75,1803.1,1433.4,1427.33,1599.35,1594.84,,2020/1/21,43851,1556.25,
2020/7/13,1808.05,1807.5,1435.23,1432.26,1598.32,1591.68,,2020/1/22,43852,1558.1,
2020/7/14,1798.2,1801.9,1436.58,1440.62,1583.14,1581.71,,2020/1/23,43853,1554.05,
2020/7/15,1809.3,1804.6,1436.22,1431.41,1582.96,1579.57,,2020/1/24,43854,1561.85,
2020/7/16,1804.6,1807.7,1438.09,1436.04,1583.72,1581.56,,2020/1/25,#N/A,#N/A,
2020/7/17,1802.9,1807.35,1435.47,1442.45,1578.98,1581.07,,2020/1/26,#N/A,#N/A,
2020/7/20,1810.3,1815.65,1437.92,1438.18,1580.21,1590.87,,2020/1/27,43857,1583.45,
2020/7/21,1823.2,1842.55,1436.86,1449.35,1594.21,1608.36,,2020/1/28,43858,1579.6,
2020/7/22,1851,1852.4,1462.85,1456.91,1604.82,1598.44,,2020/1/29,43859,1571.2,
2020/7/23,1882.35,1878.3,1480.28,1477.47,1624.47,1621.54,,2020/1/30,43860,1580.4,
2020/7/24,1893.85,1902.1,1486.67,1490.3,1631.55,1638.09,,2020/1/31,43861,1580.85,
2020/7/27,1940.55,1936.65,1511.3,1504.78,1659.56,1647.7,,2020/2/1,#N/A,#N/A,
2020/7/28,1931.65,1940.9,1499.15,1501.48,1647.7,1654.23,,2020/2/2,#N/A,#N/A,
2020/7/29,1954.35,1950.9,1506.8,1502.39,1663.54,1659.24,,2020/2/3,43864,1578.85,
2020/7/30,1952.2,1957.65,1503,1502.1,1662.3,1662.44,,2020/2/4,43865,1571.2,
2020/7/31,1974.7,1964.9,1505.91,1492.54,1666.84,1661.72,,2020/2/5,43866,1552.2,
2020/8/3,1972.95,1958.55,1509.5,1504.56,1678.39,1670.45,,2020/2/6,43867,1564.75,
2020/8/4,1972.25,1977.9,1508.77,1519.62,1671.09,1686.56,,2020/2/7,43868,1568.3,
2020/8/5,2034.45,2048.15,1553.3,1558.03,1718.09,1722.9,,2020/2/8,#N/A,#N/A,
2020/8/6,2049.15,2067.15,1555.3,1569.59,1728.87,1743.43,,2020/2/9,#N/A,#N/A,
2020/8/7,2061.5,2031.15,1574.37,1559.52,1743.82,1726.88,,2020/2/10,43871,1574.05,
2020/8/10,2030.3,2044.5,1552.98,1561.38,1725.35,1734.96,,2020/2/11,43872,1567.7,
2020/8/11,1996.6,1939.65,1524.4,1479.57,1694.51,1646.76,,2020/2/12,43873,1566.75,
2020/8/12,1931.7,1931.9,1479.1,1483.7,1642.14,1640.57,,2020/2/13,43874,1575,
2020/8/13,1931,1944.25,1476.06,1482.3,1632.47,1640.17,,2020/2/14,43875,1576.35,
2020/8/14,1948.3,1944.75,1491.42,1482.09,1653.33,1643.31,,2020/2/15,#N/A,#N/A,
2020/8/17,1949.85,1972.85,1488.13,1505.68,1645.87,1661.53,,2020/2/16,#N/A,#N/A,
2020/8/18,2005.15,2008.75,1522.51,1517.61,1684.53,1680.52,,2020/2/17,43878,1580.3,
2020/8/19,1993.15,1981,1504.23,1498.63,1668.47,1658.3,,2020/2/18,43879,1588.2,
2020/8/20,1928.05,1927.15,1471.68,1469.84,1630.55,1629.6,,2020/2/19,43880,1609.5,
2020/8/21,1932.85,1924.35,1465.87,1470.2,1635.58,1637.04,,2020/2/20,43881,1610.35,
2020/8/24,1947.55,1943.95,1484.03,1485.57,1646.26,1643.61,,2020/2/21,43882,1633.7,
2020/8/25,1925.45,1911.15,1468.35,1455.15,1626.43,1616.26,,2020/2/22,#N/A,#N/A,
2020/8/26,1918.5,1932.95,1458.83,1465.95,1624.39,1636.05,,2020/2/23,#N/A,#N/A,
2020/8/27,1938.8,1923.85,1467.87,1458.86,1638.87,1632.39,,2020/2/24,43885,1682.35,
2020/8/28,1955.85,1957.35,1471.97,1472.91,1642.72,1647.31,,2020/2/25,43886,1655.9,
2020/9/1,1987.95,1972.35,1479.83,1469.6,1661.33,1651.45,,2020/2/26,43887,1647.95,
2020/9/2,1969,1947.05,1475.17,1462.43,1659.47,1645.45,,2020/2/27,43888,1646.6,
2020/9/3,1934.1,1940.45,1453.86,1459.99,1635.28,1637.74,,2020/2/28,43889,1626.35,
2020/9/4,1937.6,1926.3,1456.49,1459.56,1634.75,1633.12,,2020/2/29,#N/A,#N/A,
2020/9/7,1928.4,1928.45,1463.08,1465.43,1629.88,1631.47,,2020/3/1,#N/A,#N/A,
2020/9/8,1920.6,1910.95,1467.72,1466.27,1626.17,1622.4,,2020/3/2,43892,1609.7,
2020/9/9,1928.4,1947.2,1489.69,1496.62,1638.56,1647.14,,2020/3/3,43893,1599.05,
2020/9/10,1944.8,1966.25,1493.41,1519.71,1643.74,1651.26,,2020/3/4,43894,1644.8,
2020/9/11,1944.5,1947.4,1519.82,1523.06,1639.41,1644.38,,2020/3/5,43895,1647.45,
2020/9/14,1942.3,1958.7,1511.69,1518.97,1638.14,1648.83,,2020/3/6,43896,1687,
2020/9/15,1963.55,1949.35,1523.13,1513.09,1652.13,1644.67,,2020/3/7,#N/A,#N/A,
2020/9/16,1964.8,1961.8,1521.15,1512.55,1654.56,1656.74,,2020/3/8,#N/A,#N/A,
2020/9/17,1936.1,1936.25,1494.67,1499.82,1642.78,1640.2,,2020/3/9,43899,1676.6,
2020/9/18,1954.75,1950.85,1505.16,1508.01,1647.85,1648.66,,2020/3/10,43900,1657.4,
2020/9/21,1930.9,1909.35,1503.21,1489.48,1638.18,1624.47,,2020/3/11,43901,1662.5,
2020/9/22,1903.1,1906,1487.46,1493.16,1621.63,1625.25,,2020/3/12,43902,1636.65,
2020/9/23,1888.1,1873.4,1483.48,1470.06,1611.49,1603.63,,2020/3/13,43903,1588.15,
2020/9/24,1850.75,1861.75,1453.21,1460.92,1588.68,1598.5,,2020/3/14,#N/A,#N/A,
2020/9/25,1870.05,1859.7,1467.05,1462.65,1605.25,1598.78,,2020/3/15,#N/A,#N/A,
2020/9/28,1850.95,1864.3,1440.78,1448.37,1589.41,1597.52,,2020/3/16,43906,1504.65,
2020/9/29,1882.4,1883.95,1461.87,1465.71,1610.02,1606.44,,2020/3/17,43907,1472.35,
2020/9/30,1883.4,1886.9,1468.49,1467.63,1609.74,1613.3,,2020/3/18,43908,1506,
2020/10/1,1895.55,1902,1477.01,1476.33,1615.96,1619.74,,2020/3/19,43909,1480.7,
2020/10/2,1906.4,1903.05,1473.46,1471.82,1627.87,1624.44,,2020/3/20,43910,1504.45,
2020/10/5,1899.65,1909.6,1467.48,1472.49,1616.41,1620.49,,2020/3/21,#N/A,#N/A,
2020/10/6,1912.5,1913.4,1472.82,1476,1623.33,1623.9,,2020/3/22,#N/A,#N/A,
2020/10/7,1888,1884.5,1464.33,1463.69,1605.56,1601.83,,2020/3/23,43913,1494.5,
2020/10/8,1891.35,1887.45,1460.12,1460.7,1608.03,1607.73,,2020/3/24,43914,1599.5,
2020/10/9,1912.4,1923.25,1478.48,1482.63,1620.76,1628.99,,2020/3/25,43915,1620.95,
2020/10/12,1919.8,1925.5,1475.37,1476.28,1627.41,1629.74,,2020/3/26,43916,1620.1,
2020/10/13,1920.8,1891.3,1471.33,1457.06,1629.03,1608.74,,2020/3/27,43917,1621.2,
2020/10/14,1896.45,1910.05,1466.15,1464.63,1616.91,1624.12,,2020/3/28,#N/A,#N/A,
2020/10/15,1891.7,1891.9,1460.01,1462.06,1615.89,1617.57,,2020/3/29,#N/A,#N/A,
2020/10/16,1908.2,1905.05,1475.42,1475.46,1629.22,1624.25,,2020/3/30,43920,1624.45,
2020/10/19,1910,1905.6,1468.41,1465.6,1624.65,1617.47,,2020/3/31,43921,1604.65,
2020/10/20,1906.35,1898.4,1469.61,1464.05,1615.44,1606.43,,2020/4/1,43922,1594.25,
2020/10/21,1918.95,1924.15,1470.68,1466.59,1619.98,1622.44,,2020/4/2,43923,1588.05,
2020/10/22,1916.85,1900.95,1463.71,1451.76,1618.97,1608.39,,2020/4/3,43924,1609.75,
2020/10/23,1910.6,1903.65,1458.74,1457.05,1612.36,1608.2,,2020/4/4,#N/A,#N/A,
2020/10/26,1901.6,1898.45,1456.44,1460.29,1609.7,1607.61,,2020/4/5,#N/A,#N/A,
2020/10/27,1898.9,1905.7,1458.73,1461.29,1607.8,1611.65,,2020/4/6,43927,1636.6,
2020/10/28,1896.85,1869.95,1461.71,1439.3,1614.22,1593.38,,2020/4/7,43928,1652.2,
2020/10/29,1876.85,1870.3,1444.24,1447.05,1600.58,1601.16,,2020/4/8,43929,1649.05,
2020/10/30,1875.8,1881.85,1448.12,1453.92,1607.19,1611.24,,2020/4/9,43930,1662.5,
2020/11/2,1886.75,1889.9,1460.34,1463.16,1620.72,1624.56,,2020/4/10,#N/A,#N/A,
2020/11/3,1899.85,1908.3,1462.31,1464.05,1624.37,1628.73,,2020/4/11,#N/A,#N/A,
2020/11/4,1888.55,1900.15,1455.69,1462.17,1616.41,1621.97,,2020/4/12,#N/A,#N/A,
2020/11/5,1916.8,1938.45,1468.84,1480.78,1624.68,1638.38,,2020/4/13,#N/A,#N/A,
2020/11/6,1947.95,1940.8,1483.17,1480.05,1642.71,1636.29,,2020/4/14,43935,1715.85,
2020/11/9,1957.45,1867.3,1489.23,1417.47,1648.76,1573.95,,2020/4/15,43936,1712.25,
2020/11/10,1874.9,1878.7,1416.49,1417.48,1589.54,1590.13,,2020/4/16,43937,1717.85,
2020/11/11,1876.2,1860.95,1415.41,1408.37,1591.02,1583.48,,2020/4/17,43938,1693.15,
2020/11/12,1868,1874.85,1415.57,1424.7,1581.08,1589.31,,2020/4/18,#N/A,#N/A,
2020/11/13,1878.2,1890.9,1425.93,1437.08,1588.02,1600.27,,2020/4/19,#N/A,#N/A,
2020/11/16,1892.6,1885.6,1436.67,1430.98,1598.11,1594.84,,2020/4/20,43941,1684.95,
2020/11/17,1885.4,1889.05,1424.61,1425.29,1588.83,1591.52,,2020/4/21,43942,1678.6,
2020/11/18,1877.2,1876.1,1412.59,1411.2,1579.66,1580.99,,2020/4/22,43943,1702.65,
2020/11/19,1857.4,1857.35,1405.87,1404.16,1570.99,1569.46,,2020/4/23,43944,1727.55,
2020/11/20,1867,1875.7,1406.04,1412.21,1575,1580.46,,2020/4/24,43945,1727.25,
2020/11/23,1863.8,1840.2,1394.31,1378.49,1568.76,1552.02,,2020/4/25,#N/A,#N/A,
2020/11/24,1818.1,1799.6,1361.21,1350.6,1529.02,1517.24,,2020/4/26,#N/A,#N/A,
2020/11/25,1808.55,1810.2,1358.04,1354.93,1520.27,1520.57,,2020/4/27,43948,1717.25,
2020/11/26,1814.85,1807.4,1358.23,1355.73,1524.11,1518.4,,2020/4/28,43949,1708.1,
2020/11/27,1808.05,1779.3,1355.86,1333.41,1516.77,1489.63,,2020/4/29,43950,1706,
2020/11/30,1771.95,1762.55,1330.03,1317.51,1478.69,1469.44,,2020/4/30,43951,1716.75,
2020/12/1,1796.2,1810.75,1344.28,1356.07,1500.73,1509.8,,2020/5/1,43952,1673.05,
2020/12/2,1832.95,1822.6,1372.15,1369.14,1520.07,1508.02,,2020/5/2,#N/A,#N/A,
2020/12/3,1834.8,1832.35,1367.66,1360.34,1515.18,1506.56,,2020/5/3,#N/A,#N/A,
2020/12/4,1839.3,1843,1368.44,1363.82,1512.46,1515.87,,2020/5/4,43955,1703.7,
2020/12/7,1832.8,1859.95,1380.46,1397.01,1513.34,1531.11,,2020/5/5,43956,1696.3,
2020/12/8,1864.5,1868.15,1396.14,1401.49,1538.77,1540.48,,2020/5/6,43957,1698.9,
2020/12/9,1859.8,1841.75,1382.39,1372.29,1533.22,1521.65,,2020/5/7,43958,1688.65,
2020/12/10,1834.2,1844.35,1377.48,1385.29,1515.23,1517.53,,2020/5/8,#N/A,#N/A,
2020/12/11,1833.65,1842,1386.97,1394.21,1510.93,1519.65,,2020/5/9,#N/A,#N/A,
2020/12/14,1820.25,1831.15,1356.09,1368.6,1497.52,1505.57,,2020/5/10,#N/A,#N/A,
2020/12/15,1844.3,1850.65,1383.78,1384.84,1516.57,1523.64,,2020/5/11,43962,1698.8,
2020/12/16,1861.35,1851.95,1377.59,1371.92,1525.38,1519.15,,2020/5/12,43963,1703.45,
2020/12/17,1871.95,1890.75,1378.32,1390.65,1530.88,1542.85,,2020/5/13,43964,1699.85,
2020/12/18,1878.95,1879.75,1390.8,1393.46,1533.41,1536.13,,2020/5/14,43965,1716.4,
2020/12/21,1869.25,1880,1415.77,1413.57,1540.82,1539.53,,2020/5/15,43966,1734.85,
2020/12/22,1873.3,1877.1,1399.73,1405.95,1532.73,1538.1,,2020/5/16,#N/A,#N/A,
2020/12/23,1867.1,1875,1390.06,1382.44,1532.14,1535.06,,2020/5/17,#N/A,#N/A,
2020/12/24,1872.55,,1376.14,,1535.87,,,2020/5/18,43969,1756.9,
2020/12/29,1873.9,1874.3,1388.93,1389.42,1529.66,1528.49,,2020/5/19,43970,1735.25,
2020/12/30,1877.55,1887.6,1381.31,1387.39,1528.89,1535.19,,2020/5/20,43971,1750.05,
2020/12/31,1891.1,,1382.58,,1539.92,,,2020/5/21,43972,1732.8,
2021/1/4,1930.8,1943.2,1411.22,1429.61,1570.71,1581.76,,2020/5/22,43973,1732.45,
2021/1/5,1946.55,1940.35,1432.47,1426.93,1584.88,1582.74,,2020/5/23,#N/A,#N/A,
2021/1/6,1957.2,1931.95,1433.65,1423.27,1586.11,1570.1,,2020/5/24,#N/A,#N/A,
2021/1/7,1911.05,1920.1,1406.34,1415.11,1559.23,1566.03,,2020/5/25,#N/A,#N/A,
2021/1/8,1891.3,1862.9,1391.81,1371.28,1545.19,1521.06,,2020/5/26,43977,1722.75,
2021/1/11,1847.8,1847.25,1369.59,1371.58,1520.19,1521.21,,2020/5/27,43978,1705.15,
2021/1/12,1861.85,1841.25,1369.58,1353.87,1531.93,1515.35,,2020/5/28,43979,1723.3,
2021/1/13,1852.4,1858.85,1354.85,1362.17,1521.56,1527.97,,2020/5/29,43980,1725.65,
2021/1/14,1840.25,1841.75,1347.62,1349.82,1513.05,1519.63,,2020/5/30,#N/A,#N/A,
2021/1/15,1853.85,1839,1357.57,1352.4,1527.2,1519.93,,2020/5/31,#N/A,#N/A,
2021/1/18,1833.95,1833.05,1354.19,1351.32,1520.71,1518.5,,2020/6/1,43983,1734.8,
2021/1/19,1843.1,1834.7,1353.2,1347.59,1519.82,1512.89,,2020/6/2,43984,1740.25,
2021/1/20,1854.6,1856.6,1354.23,1360.7,1530.42,1536.15,,2020/6/3,43985,1717.6,
2021/1/21,1867.65,1862.1,1361.14,1356.35,1538.57,1532.14,,2020/6/4,43986,1706.45,
2021/1/22,1853.6,1852.7,1357.21,1356.18,1522.36,1521.81,,2020/6/5,43987,1709.55,
2021/1/25,1855.6,1856.85,1356.63,1359.03,1527.16,1531.34,,2020/6/6,#N/A,#N/A,
2021/1/26,1853.2,1856.6,1356.73,1352.53,1527.22,1526.31,,2020/6/7,#N/A,#N/A,
2021/1/27,1846.4,1843,1344.18,1347.05,1522.54,1526.56,,2020/6/8,43990,1692,
2021/1/28,1839.65,1853.7,1348.65,1351.9,1519.92,1528.19,,2020/6/9,43991,1707.5,
2021/1/29,1852.7,1863.8,1354.69,1357.78,1527.92,1534.28,,2020/6/10,43992,1717.65,
2021/2/1,1857.8,1862.95,1355.64,1362.38,1537.89,1540.85,,2020/6/11,43993,1731.9,
2021/2/2,1847.1,1833.1,1350.05,1345.5,1534.39,1523.67,,2020/6/12,43994,1735.85,
2021/2/3,1834.7,1835.45,1345.39,1343,1527.02,1525.99,,2020/6/13,#N/A,#N/A,
2021/2/4,1811.55,1785.9,1332.76,1305.85,1510.47,1490.15,,2020/6/14,#N/A,#N/A,
2021/2/5,1808.55,1802.95,1320.6,1313.81,1510.14,1499.87,,2020/6/15,43997,1710.4,
2021/2/8,1811.65,1835.25,1323.59,1336.43,1506.75,1522.16,,2020/6/16,43998,1728.35,
2021/2/9,1846.55,1839.6,1341.15,1334.45,1525.25,1520.8,,2020/6/17,43999,1717.3,
2021/2/10,1843.45,1842.65,1331.89,1330.76,1520.11,1519.63,,2020/6/18,44000,1732.65,
2021/2/11,1841.7,1840.1,1331.92,1331.68,1518.67,1516.06,,2020/6/19,44001,1728.55,
2021/2/12,1818,1816.35,1318.05,1313.95,1501.49,1501.76,,2020/6/20,#N/A,#N/A,
2021/2/15,1817.45,1817.3,1306.56,1307.18,1497.94,1498.73,,2020/6/21,#N/A,#N/A,
2021/2/16,1823.45,1794.25,1309.78,1292.94,1499.61,1482.23,,2020/6/22,44004,1745.45,
2021/2/17,1788.85,1780.7,1289.76,1285.84,1482.78,1479.05,,2020/6/23,44005,1756.6,
2021/2/18,1782.8,1773.15,1280.59,1271.17,1477.76,1468.7,,2020/6/24,44006,1775.7,
2021/2/19,1773.75,1786.2,1267.34,1274.28,1461.39,1473.26,,2020/6/25,44007,1758.55,
2021/2/22,1798.8,1807.45,1282.54,1286.54,1484.01,1487.53,,2020/6/26,44008,1762.1,
2021/2/23,1809.5,1799.65,1284.93,1278.65,1489.22,1481.83,,2020/6/27,#N/A,#N/A,
2021/2/24,1807.25,1788,1277.36,1266.98,1487.19,1474.74,,2020/6/28,#N/A,#N/A,
2021/2/25,1792.1,1779.65,1265.76,1256.61,1465.4,1453.97,,2020/6/29,44011,1768.8,
2021/2/26,1765.1,1742.85,1268.05,1250.67,1455.85,1438.2,,2020/6/30,44012,1770.7,
2021/3/1,1746.95,1734.15,1252.21,1244.95,1450.67,1439.86,,2020/7/1,44013,1787.4,
2021/3/2,1728.5,1723.85,1245.21,1237.38,1437.94,1431.66,,2020/7/2,44014,1771.85,
2021/3/3,1727.05,1711.4,1235.53,1226.73,1428.27,1419.09,,2020/7/3,44015,1774.65,
2021/3/4,1710.05,1712.1,1227.47,1224.49,1420.2,1422.07,,2020/7/4,#N/A,#N/A,
2021/3/5,1696.05,1696.25,1228.96,1227.75,1421.12,1423.83,,2020/7/5,#N/A,#N/A,
2021/3/8,1694.45,1687.05,1224.58,1220.07,1427.07,1420.33,,2020/7/6,44018,1774.4,
2021/3/9,1702.85,1716.9,1228.1,1233.25,1430.73,1442.2,,2020/7/7,44019,1775.5,
2021/3/10,1711.5,1716.2,1231.94,1233.6,1438.86,1440.92,,2020/7/8,44020,1799.35,
2021/3/11,1736.35,1724.25,1244.27,1235.08,1451.41,1443.89,,2020/7/9,44021,1812.45,
2021/3/12,1703.85,1704.8,1223.88,1227.46,1429.87,1428.96,,2020/7/10,44022,1805.75,
2021/3/15,1727.9,1723.65,1240.98,1241.03,1449.02,1445.45,,2020/7/11,#N/A,#N/A,
2021/3/16,1732.3,1735,1251.93,1249.2,1450.63,1457.23,,2020/7/12,#N/A,#N/A,
2021/3/17,1736.95,1729.65,1248.35,1246.56,1458,1452.56,,2020/7/13,44025,1808.05,
2021/3/18,1734.1,1725.9,1241.44,1239.37,1452.66,1448.03,,2020/7/14,44026,1798.2,
2021/3/19,1737.2,1735.2,1246.79,1252.47,1460.12,1459.82,,2020/7/15,44027,1809.3,
2021/3/22,1733.4,1736.15,1251.34,1254.89,1455.54,1456.11,,2020/7/16,44028,1804.6,
2021/3/23,1739.25,1726.2,1264.26,1251.5,1462.36,1454.15,,2020/7/17,44029,1802.9,
2021/3/24,1734.05,1730.5,1264.12,1261.36,1466.14,1462.79,,2020/7/18,#N/A,#N/A,
2021/3/25,1729.2,1737.3,1260.07,1266.67,1463.94,1472.71,,2020/7/19,#N/A,#N/A,
2021/3/26,1727.85,1731.8,1253.56,1254.86,1465.91,1469.09,,2020/7/20,44032,1810.3,
2021/3/29,1723.95,1705.95,1247.62,1235.79,1464.15,1448.52,,2020/7/21,44033,1823.2,
2021/3/30,1696.7,1683.95,1232.48,1227.77,1445.08,1436.91,,2020/7/22,44034,1851,
2021/3/31,1685.35,1691.05,1222.55,1226.52,1435.08,1440.61,,2020/7/23,44035,1882.35,
2021/4/1,1715.85,1726.05,1245.54,1248.8,1461.39,1468.52,,2020/7/24,44036,1893.85,
2021/4/6,1731.05,1744.65,1251.9,1259.64,1465.51,1473.53,,2020/7/25,#N/A,#N/A,
2021/4/7,1736,1738.05,1254.78,1265.13,1461.19,1461.7,,2020/7/26,#N/A,#N/A,
2021/4/8,1743.7,1755.5,1269.24,1276.07,1468.89,1475.67,,2020/7/27,44039,1940.55,
2021/4/9,1747.95,1741.2,1274.78,1267.77,1470.03,1464.7,,2020/7/28,44040,1931.65,
2021/4/12,1741.55,1732.85,1266.46,1260.48,1462.9,1455.42,,2020/7/29,44041,1954.35,
2021/4/13,1728.1,1747.95,1255.64,1270.93,1451.78,1464.26,,2020/7/30,44042,1952.2,
2021/4/14,1743.3,1735.55,1264.59,1259.66,1457.57,1451.44,,2020/7/31,44043,1974.7,
2021/4/15,1748,1757.2,1266.43,1275.38,1458.53,1467.26,,2020/8/1,#N/A,#N/A,
2021/4/16,1766.45,1774.45,1283.68,1286.3,1475.16,1481.13,,2020/8/2,#N/A,#N/A,
2021/4/19,1788.4,1774.5,1288.01,1271.07,1486.88,1475.5,,2020/8/3,44046,1972.95,
2021/4/20,1765.5,1777.85,1262.16,1274.19,1464.13,1476.33,,2020/8/4,44047,1972.25,
2021/4/21,1781.05,1798.2,1278.97,1292.91,1482.72,1497.18,,2020/8/5,44048,2034.45,
2021/4/22,1785.65,1787.75,1285.31,1291.11,1484.05,1486.34,,2020/8/6,44049,2049.15,
2021/4/23,1785.3,1781.8,1286.84,1285.39,1480.73,1477.29,,2020/8/7,44050,2061.5,
2021/4/26,1779.65,1773.35,1278.68,1276.81,1470.52,1469.22,,2020/8/8,#N/A,#N/A,
2021/4/27,1780.9,1784.15,1284.21,1283.52,1476.01,1476.74,,2020/8/9,#N/A,#N/A,
2021/4/28,1764.15,1772.2,1270.89,1275.28,1461.6,1467.91,,2020/8/10,44053,2030.3,
2021/4/29,1774.65,1762.65,1271.71,1264.53,1464.62,1455.95,,2020/8/11,44054,1996.6,
2021/4/30,1768.8,1767.65,1271.59,1274.65,1462.62,1463.97,,2020/8/12,44055,1931.7,
2021/5/4,1784.95,1797.75,1286.41,1298.16,1486.68,1495.55,,2020/8/13,44056,1931,
2021/5/5,1778.05,1782.25,1280.02,1282.15,1482.18,1485.33,,2020/8/14,44057,1948.3,
2021/5/6,1793.15,1813.15,1288.74,1304.92,1488.49,1503.1,,2020/8/15,#N/A,#N/A,
2021/5/7,1820.5,1836.55,1308.39,1316.81,1506.83,1514.97,,2020/8/16,#N/A,#N/A,
2021/5/10,1834.15,1840.45,1302.06,1304.14,1508.4,1513.4,,2020/8/17,44060,1949.85,
2021/5/11,1837.15,1829.1,1299.97,1292.81,1510.14,1503.15,,2020/8/18,44061,2005.15,
2021/5/12,1833.6,1830.7,1297.64,1297.05,1511.25,1513.62,,2020/8/19,44062,1993.15,
2021/5/13,1814.3,1821.8,1292.51,1296.03,1503.15,1505.9,,2020/8/20,44063,1928.05,
2021/5/14,1833.5,1838.1,1303.62,1303.03,1513.55,1513.68,,2020/8/21,44064,1932.85,
2021/5/17,1848.45,1853.7,1310.92,1315.01,1521.46,1526.52,,2020/8/22,#N/A,#N/A,
2021/5/18,1867.4,1866.75,1313.72,1315.5,1528.28,1529.05,,2020/8/23,#N/A,#N/A,
2021/5/19,1860,1888.45,1312.79,1332.3,1523.53,1544.37,,2020/8/24,44067,1947.55,
2021/5/20,1869.35,1878.3,1325.18,1327.39,1534.18,1537.76,,2020/8/25,44068,1925.45,
2021/5/21,1877.65,1875.9,1321.3,1324.01,1535.54,1539.74,,2020/8/26,44069,1918.5,
2021/5/24,1876.85,1880.15,1328.43,1327.2,1538.27,1537.96,,2020/8/27,44070,1938.8,
2021/5/25,1882.8,1887,1327.56,1335.24,1536.18,1541.11,,2020/8/28,44071,1955.85,
2021/5/26,1904.3,1899.75,1344.82,1344.83,1555.43,1553.81,,2020/8/29,#N/A,#N/A,
2021/5/27,1895.05,1891.45,1341.7,1334.8,1554.13,1551.18,,2020/8/30,#N/A,#N/A,
2021/5/28,1892.45,1899.95,1333.8,1342.12,1552.38,1561.76,,2020/8/31,#N/A,#N/A,
2021/6/1,1907.7,1899.35,1344.74,1339.23,1558.97,1551.77,,2020/9/1,44075,1987.95,
2021/6/2,1895.9,1902.75,1341.16,1343.15,1555.97,1559.49,,2020/9/2,44076,1969,
2021/6/3,1892.15,1866.55,1334.34,1323.01,1552.51,1537.48,,2020/9/3,44077,1934.1,
2021/6/4,1869.55,1890.6,1323.64,1332.49,1543.69,1552.37,,2020/9/4,44078,1937.6,
2021/6/7,1882.05,1888.4,1331.17,1332.83,1547.99,1550.75,,2020/9/5,#N/A,#N/A,
2021/6/8,1892.05,1893.15,1337.87,1339.78,1554.51,1553.71,,2020/9/6,#N/A,#N/A,
2021/6/9,1890.45,1894.6,1332.96,1339.48,1550.74,1551.11,,2020/9/7,44081,1928.4,
2021/6/10,1882,1888.65,1335.09,1334.9,1546.25,1550.2,,2020/9/8,44082,1920.6,
2021/6/11,1891.95,1881.05,1336.47,1331.41,1556.13,1551.3,,2020/9/9,44083,1928.4,
2021/6/14,1859.75,1865.6,1319.68,1321.96,1534.67,1539.12,,2020/9/10,44084,1944.8,
2021/6/15,1863.85,1865.1,1324.08,1324.59,1537.12,1537.77,,2020/9/11,44085,1944.5,
2021/6/16,1858.1,1860.75,1316.84,1318.16,1532.93,1534.93,,2020/9/12,#N/A,#N/A,
2021/6/17,1806.75,1778.7,1292.37,1276.04,1511.35,1490.91,,2020/9/13,#N/A,#N/A,
2021/6/18,1792.35,1773.1,1289.24,1281.06,1503.6,1494.01,,2020/9/14,44088,1942.3,
2021/6/21,1782.45,1775.05,1285.15,1277.33,1498.51,1490.51,,2020/9/15,44089,1963.55,
2021/6/22,1779.1,1775.05,1282.38,1277.5,1496.05,1491.57,,2020/9/16,44090,1964.8,
2021/6/23,1782.9,1791.6,1276.56,1280.28,1493.36,1497.24,,2020/9/17,44091,1936.1,
2021/6/24,1780.2,1784.85,1275.16,1282.06,1492.52,1493.92,,2020/9/18,44092,1954.75,
2021/6/25,1783.25,1786.65,1281.8,1283.17,1493.47,1492.57,,2020/9/19,#N/A,#N/A,
2021/6/28,1774.25,1780.3,1275.51,1279.68,1486.11,1492.78,,2020/9/20,#N/A,#N/A,
2021/6/29,1769.6,1755.45,1277.65,1269.19,1486.29,1477.04,,2020/9/21,44095,1930.9,
2021/6/30,1757.8,1763.15,1270.19,1274.4,1477.61,1485.45,,2020/9/22,44096,1903.1,
2021/7/1,1774,1781.5,1287.57,1290.7,1497.08,1501.09,,2020/9/23,44097,1888.1,
2021/7/2,1783.5,1786.15,1296.6,1296.39,1508.13,1508.23,,2020/9/24,44098,1850.75,
2021/7/5,1790.95,1791.35,1292.89,1293.89,1507.98,1509.93,,2020/9/25,44099,1870.05,
2021/7/6,1807.8,1809.85,1305.95,1308.16,1527.23,1529.32,,2020/9/26,#N/A,#N/A,
2021/7/7,1804.25,1804.65,1307.36,1307.29,1526.4,1529.08,,2020/9/27,#N/A,#N/A,
2021/7/8,1810.25,1807.7,1312.79,1311.31,1530.75,1524.43,,2020/9/28,44102,1850.95,
2021/7/9,1803.4,1806,1308.55,1303.75,1523.87,1522.46,,2020/9/29,44103,1882.4,
2021/7/12,1802.95,1792.4,1299.93,1291.42,1518.62,1510.63,,2020/9/30,44104,1883.4,
2021/7/13,1807.85,1813.85,1304.91,1311.05,1526.37,1534.52,,2020/10/1,44105,1895.55,
2021/7/14,1813.05,1823.2,1309.38,1313.43,1538.37,1542.06,,2020/10/2,44106,1906.4,
2021/7/15,1832,1823.75,1323.8,1316.75,1546.21,1543.44,,2020/10/3,#N/A,#N/A,
2021/7/16,1822,1824.3,1316.03,1321.89,1541.96,1545.73,,2020/10/4,#N/A,#N/A,
2021/7/19,1803.25,1814.9,1314.03,1322.88,1531.32,1535.04,,2020/10/5,44109,1899.65,
2021/7/20,1815.3,1823.05,1328.26,1339.21,1538.47,1549.77,,2020/10/6,44110,1912.5,
2021/7/21,1805.9,1802.15,1324.81,1317.73,1533.75,1529.3,,2020/10/7,44111,1888,
2021/7/22,1797.4,1799.45,1308.51,1307.12,1523.84,1523.05,,2020/10/8,44112,1891.35,
2021/7/23,1803.05,1799.6,1313.34,1308.67,1532.77,1529.84,,2020/10/9,44113,1912.4,
2021/7/26,1808.15,1800.2,1311.63,1302.8,1533.13,1524.77,,2020/10/10,#N/A,#N/A,
2021/7/27,1797.15,1800.35,1302.75,1302.91,1525.06,1524,,2020/10/11,#N/A,#N/A,
2021/7/28,1799.3,1796.6,1296.04,1297.15,1522.03,1524.24,,2020/10/12,44116,1919.8,
2021/7/29,1819.45,1829.3,1304,1309.05,1532.16,1539.54,,2020/10/13,44117,1920.8,
2021/7/30,1828.25,1825.75,1307.75,1308.52,1535.73,1536.92,,2020/10/14,44118,1896.45,
2021/8/2,1807.55,1811.45,1298.36,1302.61,1521.05,1524.34,,2020/10/15,44119,1891.7,
2021/8/3,1809.7,1812.65,1300.81,1305.11,1523.04,1527.16,,2020/10/16,44120,1908.2,
2021/8/4,1812.45,1829.1,1301.34,1311.83,1528.44,1538.82,,2020/10/17,#N/A,#N/A,
2021/8/5,1811.2,1800.75,1302.07,1294.92,1529.74,1521.63,,2020/10/18,#N/A,#N/A,
2021/8/6,1799.45,1762.9,1292.9,1269.64,1523.59,1497.58,,2020/10/19,44123,1910,
2021/8/9,1741.5,1738.85,1253.88,1254.06,1481.32,1479.24,,2020/10/20,44124,1906.35,
2021/8/10,1729.55,1723.35,1248.22,1244.6,1475.13,1471.05,,2020/10/21,44125,1918.95,
2021/8/11,1734.05,1743.6,1255.45,1258.88,1480.53,1486.42,,2020/10/22,44126,1916.85,
2021/8/12,1755.5,1747.4,1266.24,1262.85,1494.81,1489.66,,2020/10/23,44127,1910.6,
2021/8/13,1757.65,1773.85,1273.59,1281.07,1496.64,1506.35,,2020/10/24,#N/A,#N/A,
2021/8/16,1775.75,1786.35,1281.91,1291.53,1507.61,1517.15,,2020/10/25,#N/A,#N/A,
2021/8/17,1794.05,1789.45,1299.61,1300.57,1524.22,1524.61,,2020/10/26,44130,1901.6,
2021/8/18,1788.1,1783.45,1300.13,1295.32,1525.61,1522,,2020/10/27,44131,1898.9,
2021/8/19,1788.2,1782.05,1307.89,1301.79,1530.16,1523.3,,2020/10/28,44132,1896.85,
2021/8/20,1782.95,1779.05,1309.58,1305.47,1527.1,1523.58,,2020/10/29,44133,1876.85,
2021/8/23,1786.9,1802,1308.19,1315.82,1524.23,1536.57,,2020/10/30,44134,1875.8,
2021/8/24,1802.95,1808.45,1314.71,1318,1536.29,1538.63,,2020/10/31,#N/A,#N/A,
2021/8/25,1794.7,1788.7,1307.8,1303.6,1527.29,1521.83,,2020/11/1,#N/A,#N/A,
2021/8/26,1783.8,1786.6,1298.43,1302.43,1516.23,1520.04,,2020/11/2,44137,1886.75,
2021/8/27,1795.5,1798.5,1310.72,1307.15,1527.61,1525.67,,2020/11/3,44138,1899.85,
2021/8/31,1814.3,1814.85,1317.18,1316.49,1534.17,1534.82,,2020/11/4,44139,1888.55,
2021/9/1,1813.9,1811.8,1318.89,1314.82,1535.1,1530.61,,2020/11/5,44140,1916.8,
2021/9/2,1815.15,1812.55,1316.53,1311.74,1532.17,1528.52,,2020/11/6,44141,1947.95,
2021/9/3,1812.05,1823.7,1309.39,1316.53,1526.11,1534.46,,2020/11/7,#N/A,#N/A,
2021/9/6,1823.85,1821.6,1318.1,1317.02,1538.05,1535.06,,2020/11/8,#N/A,#N/A,
2021/9/7,1810.75,1802.15,1310.26,1307.1,1525.01,1520.65,,2020/11/9,44144,1957.45,
2021/9/8,1797.95,1786,1306.57,1297.53,1521.25,1511.49,,2020/11/10,44145,1874.9,
2021/9/9,1795.35,1788.25,1299.12,1292.01,1517.61,1513.57,,2020/11/11,44146,1876.2,
2021/9/10,1799.9,1794.6,1297.55,1293.91,1519.3,1516.44,,2020/11/12,44147,1868,
2021/9/13,1787.85,1793.9,1293.87,1296.09,1516.63,1520.33,,2020/11/13,44148,1878.2,
2021/9/14,1788.65,1792.75,1289.26,1292.39,1513.56,1516.67,,2020/11/14,#N/A,#N/A,
2021/9/15,1801.4,1796.95,1302.95,1297.4,1523.62,1520.4,,2020/11/15,#N/A,#N/A,
2021/9/16,1781.45,1747.95,1289.41,1269.19,1513.52,1486.81,,2020/11/16,44151,1892.6,
2021/9/17,1766.1,1755.95,1280.25,1275,1499.24,1493.79,,2020/11/17,44152,1885.4,
2021/9/20,1757.15,1757.75,1284.83,1285.62,1501.48,1500.24,,2020/11/18,44153,1877.2,
2021/9/21,1766.45,1774.45,1290.57,1299.25,1505.37,1513.25,,2020/11/19,44154,1857.4,
2021/9/22,1775.35,1773.4,1302.4,1300.79,1513.31,1512,,2020/11/20,44155,1867,
2021/9/23,1771.05,1750,1295.88,1274.18,1510,1490.65,,2020/11/21,#N/A,#N/A,
2021/9/24,1755.15,1746.8,1280.56,1275.86,1495.74,1491.24,,2020/11/22,#N/A,#N/A,
2021/9/27,1749.15,1755.3,1277.75,1279.61,1495.35,1500.08,,2020/11/23,44158,1863.8,
2021/9/28,1739.65,1733.75,1273.25,1280.55,1489.84,1484.44,,2020/11/24,44159,1818.1,
2021/9/29,1741.65,1737.15,1288.65,1290.88,1493.12,1492.39,,2020/11/25,44160,1808.55,
2021/9/30,1730.95,1742.8,1286.96,1293.33,1492.25,1505.08,,2020/11/26,44161,1814.85,
2021/10/1,1755.6,1757.05,1300.72,1295.47,1515.61,1515.1,,2020/11/27,44162,1808.05,
2021/10/4,1751.85,1754.55,1291.64,1287.49,1508.52,1508.74,,2020/11/28,#N/A,#N/A,
2021/10/5,1758,1753.2,1290.9,1287.02,1515.75,1512.66,,2020/11/29,#N/A,#N/A,
2021/10/6,1748.25,1759.7,1290.21,1297.78,1513.98,1525.13,,2020/11/30,44165,1771.95,
2021/10/7,1758.55,1762.1,1294.12,1294.44,1521.5,1524.04,,2020/12/1,44166,1796.2,
2021/10/8,1757.5,1773.25,1291.41,1300.5,1520.41,1533.33,,2020/12/2,44167,1832.95,
2021/10/11,1752.55,1757.65,1286.72,1288.18,1516.48,1518.26,,2020/12/3,44168,1834.8,
2021/10/12,1759.1,1767.75,1292.41,1301.77,1521.8,1532.46,,2020/12/4,44169,1839.3,
2021/10/13,1767.45,1785.7,1296.78,1309.63,1529.55,1543.92,,2020/12/5,#N/A,#N/A,
2021/10/14,1797.15,1798.7,1309.76,1312.51,1546.81,1551.2,,2020/12/6,#N/A,#N/A,
2021/10/15,1781.45,1772.65,1297.96,1288.54,1535.43,1528.56,,2020/12/7,44172,1832.8,
2021/10/18,1762.45,1767.85,1283.94,1287.35,1522.05,1523.71,,2020/12/8,44173,1864.5,
2021/10/19,1779.4,1779.55,1289.89,1288.22,1526.9,1526.68,,2020/12/9,44174,1859.8,
2021/10/20,1778.15,1778,1291.29,1289.76,1529.74,1526.77,,2020/12/10,44175,1834.2,
2021/10/21,1785.3,1779.3,1294.16,1288.39,1533.57,1528.42,,2020/12/11,44176,1833.65,
2021/10/22,1792.3,1808.25,1298.16,1311.52,1540.48,1552.74,,2020/12/12,#N/A,#N/A,
2021/10/25,1799.2,1805.25,1308.38,1312.6,1547.13,1555.04,,2020/12/13,#N/A,#N/A,
2021/10/26,1801.9,1785.55,1306.2,1294.17,1551.8,1538.61,,2020/12/14,44179,1820.25,
2021/10/27,1783.85,1795.25,1299.89,1306.22,1539.64,1545.53,,2020/12/15,44180,1844.3,
2021/10/28,1798.2,1803.5,1308.55,1308.26,1552.57,1546.86,,2020/12/16,44181,1861.35,
2021/10/29,1796.3,1769.15,1304.47,1287.23,1542.12,1524.12,,2020/12/17,44182,1871.95,
2021/11/1,1786.55,1793.8,1308.11,1311.09,1544.12,1548.77,,2020/12/18,44183,1878.95,
2021/11/2,1791.5,1790.45,1313.71,1314.01,1545.71,1544.44,,2020/12/19,#N/A,#N/A,
2021/11/3,1781.85,1763.45,1308.06,1291.02,1537.74,1523.09,,2020/12/20,#N/A,#N/A,
2021/11/4,1778.1,1796.15,1305.3,1330.05,1540.19,1556,,2020/12/21,44186,1869.25,
2021/11/5,1793.2,1801.85,1335.58,1338.23,1554.7,1562.92,,2020/12/22,44187,1873.3,
2021/11/8,1818,1822.35,1347.87,1344.71,1572.21,1574.51,,2020/12/23,44188,1867.1,
2021/11/9,1824.4,1827.3,1341.85,1348,1573.18,1575.13,,2020/12/24,44189,1872.55,
2021/11/10,1824.95,1859.4,1348.46,1375.21,1576.03,1608.57,,2020/12/25,#N/A,#N/A,
2021/11/11,1859.25,1857.9,1387.93,1387.11,1620.89,1620.09,,2020/12/26,#N/A,#N/A,
2021/11/12,1850,1860.55,1381.03,1387.97,1616.16,1624.82,,2020/12/27,#N/A,#N/A,
2021/11/15,1863.8,1859.9,1388.72,1385.07,1627.1,1626.11,,2020/12/28,#N/A,#N/A,
2021/11/16,1872.25,1859.2,1392.02,1384.73,1648.52,1638.88,,2020/12/29,44194,1873.9,
2021/11/17,1858.45,1864.9,1383.8,1384.87,1642.68,1648.01,,2020/12/30,44195,1877.55,
2021/11/18,1860.5,1860.3,1378.63,1381.46,1641.71,1640.78,,2020/12/31,44196,1891.1,
2021/11/19,1861.4,1861.1,1387.3,1383.73,1647.34,1646.14,,2021/1/1,#N/A,#N/A,
2021/11/22,1841.1,1816.05,1370.15,1353.68,1631.03,1613.92,,2021/1/2,#N/A,#N/A,
2021/11/23,1797.3,1789.15,1344.02,1337.93,1595.82,1590.2,,2021/1/3,#N/A,#N/A,
2021/11/24,1790.8,1782.05,1339.7,1336,1596.5,1590.48,,2021/1/4,44200,1930.8,
2021/11/25,1790.65,1788.15,1343.88,1343.44,1595.83,1594.31,,2021/1/5,44201,1946.55,
2021/11/26,1809.8,1800.8,1358.44,1350.78,1604.75,1594.97,,2021/1/6,44202,1957.2,
2021/11/29,1795,1785.95,1344.99,1343.21,1589.83,1585.92,,2021/1/7,44203,1911.05,
2021/11/30,1797.6,1804.4,1345.32,1350.59,1582.25,1587.33,,2021/1/8,44204,1891.3,
2021/12/1,1786.8,1789.25,1341.89,1340.69,1577.74,1576.51,,2021/1/9,#N/A,#N/A,
2021/12/2,1775.7,1765,1333.91,1325.52,1567.41,1556.91,,2021/1/10,#N/A,#N/A,
2021/12/3,1773.5,1767.55,1335.27,1335.38,1568.48,1566.93,,2021/1/11,44207,1847.8,
2021/12/6,1781.25,1778.65,1343.6,1343.24,1575.16,1575.71,,2021/1/12,44208,1861.85,
2021/12/7,1779.65,1781.35,1342.21,1346.17,1579.08,1584.69,,2021/1/13,44209,1852.4,
2021/12/8,1789.8,1783.8,1354.52,1351.05,1585.76,1577.59,,2021/1/14,44210,1840.25,
2021/12/9,1783.4,1776.15,1351.28,1345.61,1576.17,1571.36,,2021/1/15,44211,1853.85,
2021/12/10,1771.9,1779.75,1342.39,1346.91,1571.85,1576.5,,2021/1/16,#N/A,#N/A,
2021/12/13,1784.45,1787.8,1347.44,1348.36,1583.7,1584.17,,2021/1/17,#N/A,#N/A,
,,,,,,,,2021/1/18,44214,1833.95,
,,,,,,,,2021/1/19,44215,1843.1,
,,,,,,,,2021/1/20,44216,1854.6,
,,,,,,,,2021/1/21,44217,1867.65,
,,,,,,,,2021/1/22,44218,1853.6,
,,,,,,,,2021/1/23,#N/A,#N/A,
,,,,,,,,2021/1/24,#N/A,#N/A,
,,,,,,,,2021/1/25,44221,1855.6,
,,,,,,,,2021/1/26,44222,1853.2,
,,,,,,,,2021/1/27,44223,1846.4,
,,,,,,,,2021/1/28,44224,1839.65,
,,,,,,,,2021/1/29,44225,1852.7,
,,,,,,,,2021/1/30,#N/A,#N/A,
,,,,,,,,2021/1/31,#N/A,#N/A,
,,,,,,,,2021/2/1,44228,1857.8,
,,,,,,,,2021/2/2,44229,1847.1,
,,,,,,,,2021/2/3,44230,1834.7,
,,,,,,,,2021/2/4,44231,1811.55,
,,,,,,,,2021/2/5,44232,1808.55,
,,,,,,,,2021/2/6,#N/A,#N/A,
,,,,,,,,2021/2/7,#N/A,#N/A,
,,,,,,,,2021/2/8,44235,1811.65,
,,,,,,,,2021/2/9,44236,1846.55,
,,,,,,,,2021/2/10,44237,1843.45,
,,,,,,,,2021/2/11,44238,1841.7,
,,,,,,,,2021/2/12,44239,1818,
,,,,,,,,2021/2/13,#N/A,#N/A,
,,,,,,,,2021/2/14,#N/A,#N/A,
,,,,,,,,2021/2/15,44242,1817.45,
,,,,,,,,2021/2/16,44243,1823.45,
,,,,,,,,2021/2/17,44244,1788.85,
,,,,,,,,2021/2/18,44245,1782.8,
,,,,,,,,2021/2/19,44246,1773.75,
,,,,,,,,2021/2/20,#N/A,#N/A,
,,,,,,,,2021/2/21,#N/A,#N/A,
,,,,,,,,2021/2/22,44249,1798.8,
,,,,,,,,2021/2/23,44250,1809.5,
,,,,,,,,2021/2/24,44251,1807.25,
,,,,,,,,2021/2/25,44252,1792.1,
,,,,,,,,2021/2/26,44253,1765.1,
,,,,,,,,2021/2/27,#N/A,#N/A,
,,,,,,,,2021/2/28,#N/A,#N/A,
,,,,,,,,2021/3/1,44256,1746.95,
,,,,,,,,2021/3/2,44257,1728.5,
,,,,,,,,2021/3/3,44258,1727.05,
,,,,,,,,2021/3/4,44259,1710.05,
,,,,,,,,2021/3/5,44260,1696.05,
,,,,,,,,2021/3/6,#N/A,#N/A,
,,,,,,,,2021/3/7,#N/A,#N/A,
,,,,,,,,2021/3/8,44263,1694.45,
,,,,,,,,2021/3/9,44264,1702.85,
,,,,,,,,2021/3/10,44265,1711.5,
,,,,,,,,2021/3/11,44266,1736.35,
,,,,,,,,2021/3/12,44267,1703.85,
,,,,,,,,2021/3/13,#N/A,#N/A,
,,,,,,,,2021/3/14,#N/A,#N/A,
,,,,,,,,2021/3/15,44270,1727.9,
,,,,,,,,2021/3/16,44271,1732.3,
,,,,,,,,2021/3/17,44272,1736.95,
,,,,,,,,2021/3/18,44273,1734.1,
,,,,,,,,2021/3/19,44274,1737.2,
,,,,,,,,2021/3/20,#N/A,#N/A,
,,,,,,,,2021/3/21,#N/A,#N/A,
,,,,,,,,2021/3/22,44277,1733.4,
,,,,,,,,2021/3/23,44278,1739.25,
,,,,,,,,2021/3/24,44279,1734.05,
,,,,,,,,2021/3/25,44280,1729.2,
,,,,,,,,2021/3/26,44281,1727.85,
,,,,,,,,2021/3/27,#N/A,#N/A,
,,,,,,,,2021/3/28,#N/A,#N/A,
,,,,,,,,2021/3/29,44284,1723.95,
,,,,,,,,2021/3/30,44285,1696.7,
,,,,,,,,2021/3/31,44286,1685.35,
,,,,,,,,2021/4/1,44287,1715.85,
,,,,,,,,2021/4/2,#N/A,#N/A,
,,,,,,,,2021/4/3,#N/A,#N/A,
,,,,,,,,2021/4/4,#N/A,#N/A,
,,,,,,,,2021/4/5,#N/A,#N/A,
,,,,,,,,2021/4/6,44292,1731.05,
,,,,,,,,2021/4/7,44293,1736,
,,,,,,,,2021/4/8,44294,1743.7,
,,,,,,,,2021/4/9,44295,1747.95,
,,,,,,,,2021/4/10,#N/A,#N/A,
,,,,,,,,2021/4/11,#N/A,#N/A,
,,,,,,,,2021/4/12,44298,1741.55,
,,,,,,,,2021/4/13,44299,1728.1,
,,,,,,,,2021/4/14,44300,1743.3,
,,,,,,,,2021/4/15,44301,1748,
,,,,,,,,2021/4/16,44302,1766.45,
,,,,,,,,2021/4/17,#N/A,#N/A,
,,,,,,,,2021/4/18,#N/A,#N/A,
,,,,,,,,2021/4/19,44305,1788.4,
,,,,,,,,2021/4/20,44306,1765.5,
,,,,,,,,2021/4/21,44307,1781.05,
,,,,,,,,2021/4/22,44308,1785.65,
,,,,,,,,2021/4/23,44309,1785.3,
,,,,,,,,2021/4/24,#N/A,#N/A,
,,,,,,,,2021/4/25,#N/A,#N/A,
,,,,,,,,2021/4/26,44312,1779.65,
,,,,,,,,2021/4/27,44313,1780.9,
,,,,,,,,2021/4/28,44314,1764.15,
,,,,,,,,2021/4/29,44315,1774.65,
,,,,,,,,2021/4/30,44316,1768.8,
,,,,,,,,2021/5/1,#N/A,#N/A,
,,,,,,,,2021/5/2,#N/A,#N/A,
,,,,,,,,2021/5/3,#N/A,#N/A,
,,,,,,,,2021/5/4,44320,1784.95,
,,,,,,,,2021/5/5,44321,1778.05,
,,,,,,,,2021/5/6,44322,1793.15,
,,,,,,,,2021/5/7,44323,1820.5,
,,,,,,,,2021/5/8,#N/A,#N/A,
,,,,,,,,2021/5/9,#N/A,#N/A,
,,,,,,,,2021/5/10,44326,1834.15,
,,,,,,,,2021/5/11,44327,1837.15,
,,,,,,,,2021/5/12,44328,1833.6,
,,,,,,,,2021/5/13,44329,1814.3,
,,,,,,,,2021/5/14,44330,1833.5,
,,,,,,,,2021/5/15,#N/A,#N/A,
,,,,,,,,2021/5/16,#N/A,#N/A,
,,,,,,,,2021/5/17,44333,1848.45,
,,,,,,,,2021/5/18,44334,1867.4,
,,,,,,,,2021/5/19,44335,1860,
,,,,,,,,2021/5/20,44336,1869.35,
,,,,,,,,2021/5/21,44337,1877.65,
,,,,,,,,2021/5/22,#N/A,#N/A,
,,,,,,,,2021/5/23,#N/A,#N/A,
,,,,,,,,2021/5/24,44340,1876.85,
,,,,,,,,2021/5/25,44341,1882.8,
,,,,,,,,2021/5/26,44342,1904.3,
,,,,,,,,2021/5/27,44343,1895.05,
,,,,,,,,2021/5/28,44344,1892.45,
,,,,,,,,2021/5/29,#N/A,#N/A,
,,,,,,,,2021/5/30,#N/A,#N/A,
,,,,,,,,2021/5/31,#N/A,#N/A,
,,,,,,,,2021/6/1,44348,1907.7,
,,,,,,,,2021/6/2,44349,1895.9,
,,,,,,,,2021/6/3,44350,1892.15,
,,,,,,,,2021/6/4,44351,1869.55,
,,,,,,,,2021/6/5,#N/A,#N/A,
,,,,,,,,2021/6/6,#N/A,#N/A,
,,,,,,,,2021/6/7,44354,1882.05,
,,,,,,,,2021/6/8,44355,1892.05,
,,,,,,,,2021/6/9,44356,1890.45,
,,,,,,,,2021/6/10,44357,1882,
,,,,,,,,2021/6/11,44358,1891.95,
,,,,,,,,2021/6/12,#N/A,#N/A,
,,,,,,,,2021/6/13,#N/A,#N/A,
,,,,,,,,2021/6/14,44361,1859.75,
,,,,,,,,2021/6/15,44362,1863.85,
,,,,,,,,2021/6/16,44363,1858.1,
,,,,,,,,2021/6/17,44364,1806.75,
,,,,,,,,2021/6/18,44365,1792.35,
,,,,,,,,2021/6/19,#N/A,#N/A,
,,,,,,,,2021/6/20,#N/A,#N/A,
,,,,,,,,2021/6/21,44368,1782.45,
,,,,,,,,2021/6/22,44369,1779.1,
,,,,,,,,2021/6/23,44370,1782.9,
,,,,,,,,2021/6/24,44371,1780.2,
,,,,,,,,2021/6/25,44372,1783.25,
,,,,,,,,2021/6/26,#N/A,#N/A,
,,,,,,,,2021/6/27,#N/A,#N/A,
,,,,,,,,2021/6/28,44375,1774.25,
,,,,,,,,2021/6/29,44376,1769.6,
,,,,,,,,2021/6/30,44377,1757.8,
,,,,,,,,2021/7/1,44378,1774,
,,,,,,,,2021/7/2,44379,1783.5,
,,,,,,,,2021/7/3,#N/A,#N/A,
,,,,,,,,2021/7/4,#N/A,#N/A,
,,,,,,,,2021/7/5,44382,1790.95,
,,,,,,,,2021/7/6,44383,1807.8,
,,,,,,,,2021/7/7,44384,1804.25,
,,,,,,,,2021/7/8,44385,1810.25,
,,,,,,,,2021/7/9,44386,1803.4,
,,,,,,,,2021/7/10,#N/A,#N/A,
,,,,,,,,2021/7/11,#N/A,#N/A,
,,,,,,,,2021/7/12,44389,1802.95,
,,,,,,,,2021/7/13,44390,1807.85,
,,,,,,,,2021/7/14,44391,1813.05,
,,,,,,,,2021/7/15,44392,1832,
,,,,,,,,2021/7/16,44393,1822,
,,,,,,,,2021/7/17,#N/A,#N/A,
,,,,,,,,2021/7/18,#N/A,#N/A,
,,,,,,,,2021/7/19,44396,1803.25,
,,,,,,,,2021/7/20,44397,1815.3,
,,,,,,,,2021/7/21,44398,1805.9,
,,,,,,,,2021/7/22,44399,1797.4,
,,,,,,,,2021/7/23,44400,1803.05,
,,,,,,,,2021/7/24,#N/A,#N/A,
,,,,,,,,2021/7/25,#N/A,#N/A,
,,,,,,,,2021/7/26,44403,1808.15,
,,,,,,,,2021/7/27,44404,1797.15,
,,,,,,,,2021/7/28,44405,1799.3,
,,,,,,,,2021/7/29,44406,1819.45,
,,,,,,,,2021/7/30,44407,1828.25,
,,,,,,,,2021/7/31,#N/A,#N/A,
,,,,,,,,2021/8/1,#N/A,#N/A,
,,,,,,,,2021/8/2,44410,1807.55,
,,,,,,,,2021/8/3,44411,1809.7,
,,,,,,,,2021/8/4,44412,1812.45,
,,,,,,,,2021/8/5,44413,1811.2,
,,,,,,,,2021/8/6,44414,1799.45,
,,,,,,,,2021/8/7,#N/A,#N/A,
,,,,,,,,2021/8/8,#N/A,#N/A,
,,,,,,,,2021/8/9,44417,1741.5,
,,,,,,,,2021/8/10,44418,1729.55,
,,,,,,,,2021/8/11,44419,1734.05,
,,,,,,,,2021/8/12,44420,1755.5,
,,,,,,,,2021/8/13,44421,1757.65,
,,,,,,,,2021/8/14,#N/A,#N/A,
,,,,,,,,2021/8/15,#N/A,#N/A,
,,,,,,,,2021/8/16,44424,1775.75,
,,,,,,,,2021/8/17,44425,1794.05,
,,,,,,,,2021/8/18,44426,1788.1,
,,,,,,,,2021/8/19,44427,1788.2,
,,,,,,,,2021/8/20,44428,1782.95,
,,,,,,,,2021/8/21,#N/A,#N/A,
,,,,,,,,2021/8/22,#N/A,#N/A,
,,,,,,,,2021/8/23,44431,1786.9,
,,,,,,,,2021/8/24,44432,1802.95,
,,,,,,,,2021/8/25,44433,1794.7,
,,,,,,,,2021/8/26,44434,1783.8,
,,,,,,,,2021/8/27,44435,1795.5,
,,,,,,,,2021/8/28,#N/A,#N/A,
,,,,,,,,2021/8/29,#N/A,#N/A,
,,,,,,,,2021/8/30,#N/A,#N/A,
,,,,,,,,2021/8/31,44439,1814.3,
,,,,,,,,2021/9/1,44440,1813.9,
,,,,,,,,2021/9/2,44441,1815.15,
,,,,,,,,2021/9/3,44442,1812.05,
,,,,,,,,2021/9/4,#N/A,#N/A,
,,,,,,,,2021/9/5,#N/A,#N/A,
,,,,,,,,2021/9/6,44445,1823.85,
,,,,,,,,2021/9/7,44446,1810.75,
,,,,,,,,2021/9/8,44447,1797.95,
,,,,,,,,2021/9/9,44448,1795.35,
,,,,,,,,2021/9/10,44449,1799.9,
,,,,,,,,2021/9/11,#N/A,#N/A,
,,,,,,,,2021/9/12,#N/A,#N/A,
,,,,,,,,2021/9/13,44452,1787.85,
,,,,,,,,2021/9/14,44453,1788.65,
,,,,,,,,2021/9/15,44454,1801.4,
,,,,,,,,2021/9/16,44455,1781.45,
,,,,,,,,2021/9/17,44456,1766.1,
,,,,,,,,2021/9/18,#N/A,#N/A,
,,,,,,,,2021/9/19,#N/A,#N/A,
,,,,,,,,2021/9/20,44459,1757.15,
,,,,,,,,2021/9/21,44460,1766.45,
,,,,,,,,2021/9/22,44461,1775.35,
,,,,,,,,2021/9/23,44462,1771.05,
,,,,,,,,2021/9/24,44463,1755.15,
,,,,,,,,2021/9/25,#N/A,#N/A,
,,,,,,,,2021/9/26,#N/A,#N/A,
,,,,,,,,2021/9/27,44466,1749.15,
,,,,,,,,2021/9/28,44467,1739.65,
,,,,,,,,2021/9/29,44468,1741.65,
,,,,,,,,2021/9/30,44469,1730.95,
,,,,,,,,2021/10/1,44470,1755.6,
,,,,,,,,2021/10/2,#N/A,#N/A,
,,,,,,,,2021/10/3,#N/A,#N/A,
,,,,,,,,2021/10/4,44473,1751.85,
,,,,,,,,2021/10/5,44474,1758,
,,,,,,,,2021/10/6,44475,1748.25,
,,,,,,,,2021/10/7,44476,1758.55,
,,,,,,,,2021/10/8,44477,1757.5,
,,,,,,,,2021/10/9,#N/A,#N/A,
,,,,,,,,2021/10/10,#N/A,#N/A,
,,,,,,,,2021/10/11,44480,1752.55,
,,,,,,,,2021/10/12,44481,1759.1,
,,,,,,,,2021/10/13,44482,1767.45,
,,,,,,,,2021/10/14,44483,1797.15,
,,,,,,,,2021/10/15,44484,1781.45,
,,,,,,,,2021/10/16,#N/A,#N/A,
,,,,,,,,2021/10/17,#N/A,#N/A,
,,,,,,,,2021/10/18,44487,1762.45,
,,,,,,,,2021/10/19,44488,1779.4,
,,,,,,,,2021/10/20,44489,1778.15,
,,,,,,,,2021/10/21,44490,1785.3,
,,,,,,,,2021/10/22,44491,1792.3,
,,,,,,,,2021/10/23,#N/A,#N/A,
,,,,,,,,2021/10/24,#N/A,#N/A,
,,,,,,,,2021/10/25,44494,1799.2,
,,,,,,,,2021/10/26,44495,1801.9,
,,,,,,,,2021/10/27,44496,1783.85,
,,,,,,,,2021/10/28,44497,1798.2,
,,,,,,,,2021/10/29,44498,1796.3,
,,,,,,,,2021/10/30,#N/A,#N/A,
,,,,,,,,2021/10/31,#N/A,#N/A,
,,,,,,,,2021/11/1,44501,1786.55,
,,,,,,,,2021/11/2,44502,1791.5,
,,,,,,,,2021/11/3,44503,1781.85,
,,,,,,,,2021/11/4,44504,1778.1,
,,,,,,,,2021/11/5,44505,1793.2,
,,,,,,,,2021/11/6,#N/A,#N/A,
,,,,,,,,2021/11/7,#N/A,#N/A,
,,,,,,,,2021/11/8,44508,1818,
,,,,,,,,2021/11/9,44509,1824.4,
,,,,,,,,2021/11/10,44510,1824.95,
,,,,,,,,2021/11/11,44511,1859.25,
,,,,,,,,2021/11/12,44512,1850,
,,,,,,,,2021/11/13,#N/A,#N/A,
,,,,,,,,2021/11/14,#N/A,#N/A,
,,,,,,,,2021/11/15,44515,1863.8,
,,,,,,,,2021/11/16,44516,1872.25,
,,,,,,,,2021/11/17,44517,1858.45,
,,,,,,,,2021/11/18,44518,1860.5,
,,,,,,,,2021/11/19,44519,1861.4,
,,,,,,,,2021/11/20,#N/A,#N/A,
,,,,,,,,2021/11/21,#N/A,#N/A,
,,,,,,,,2021/11/22,44522,1841.1,
,,,,,,,,2021/11/23,44523,1797.3,
,,,,,,,,2021/11/24,44524,1790.8,
,,,,,,,,2021/11/25,44525,1790.65,
,,,,,,,,2021/11/26,44526,1809.8,
,,,,,,,,2021/11/27,#N/A,#N/A,
,,,,,,,,2021/11/28,#N/A,#N/A,
,,,,,,,,2021/11/29,44529,1795,
,,,,,,,,2021/11/30,44530,1797.6,
,,,,,,,,2021/12/1,44531,1786.8,
,,,,,,,,2021/12/2,44532,1775.7,
,,,,,,,,2021/12/3,44533,1773.5,
,,,,,,,,2021/12/4,#N/A,#N/A,
,,,,,,,,2021/12/5,#N/A,#N/A,
,,,,,,,,2021/12/6,44536,1781.25,
,,,,,,,,2021/12/7,44537,1779.65,
,,,,,,,,2021/12/8,44538,1789.8,
,,,,,,,,2021/12/9,44539,1783.4,
,,,,,,,,2021/12/10,44540,1771.9,
,,,,,,,,2021/12/11,#N/A,#N/A,
,,,,,,,,2021/12/12,#N/A,#N/A,