Date,Price,Open,High,Low,Vol.,Change %,,Time,
2019/1/1,"1,883.93","1,885.41","1,886.77","1,883.93",-,0.00%,,2019/1/1,1883.93
2019/1/2,"1,881.15","1,885.13","1,885.70","1,857.89",-,-0.15%,,2019/1/2,1881.15
2019/1/3,"1,853.18","1,883.14","1,884.98","1,852.71",-,-1.49%,,2019/1/3,1853.18
2019/1/4,"1,904.18","1,853.69","1,906.42","1,847.89",-,2.75%,,2019/1/4,1904.18
2019/1/7,"1,919.75","1,904.10","1,927.69","1,904.03",-,0.82%,,2019/1/5,#N/A
2019/1/8,"1,935.79","1,920.23","1,940.13","1,919.54",-,0.84%,,2019/1/6,#N/A
2019/1/9,"1,950.99","1,935.62","1,957.13","1,935.60",-,0.79%,,2019/1/7,1919.75
2019/1/10,"1,957.69","1,952.68","1,957.69","1,938.59",-,0.34%,,2019/1/8,1935.79
2019/1/11,"1,957.17","1,956.28","1,961.39","1,946.20",-,-0.03%,,2019/1/9,1950.99
2019/1/14,"1,948.16","1,956.95","1,957.57","1,941.31",-,-0.46%,,2019/1/10,1957.69
2019/1/15,"1,963.61","1,947.86","1,963.99","1,947.04",-,0.79%,,2019/1/11,1957.17
2019/1/16,"1,966.50","1,963.08","1,970.98","1,961.06",-,0.15%,,2019/1/12,#N/A
2019/1/17,"1,975.61","1,966.27","1,981.06","1,960.09",-,0.46%,,2019/1/13,#N/A
2019/1/18,"2,000.76","1,976.57","2,002.26","1,976.57",-,1.27%,,2019/1/14,1948.16
2019/1/21,"2,000.77","2,000.18","2,002.47","1,999.23",-,0.00%,,2019/1/15,1963.61
2019/1/22,"1,978.83","2,000.83","2,001.19","1,971.65",-,-1.10%,,2019/1/16,1966.5
2019/1/23,"1,980.15","1,978.89","1,988.33","1,968.78",-,0.07%,,2019/1/17,1975.61
2019/1/24,"1,983.23","1,980.67","1,985.24","1,974.32",-,0.16%,,2019/1/18,2000.76
2019/1/25,"2,001.86","1,982.00","2,005.27","1,981.87",-,0.94%,,2019/1/19,#N/A
2019/1/28,"1,989.18","2,003.00","2,003.52","1,979.90",-,-0.63%,,2019/1/20,#N/A
2019/1/29,"1,989.60","1,988.81","1,996.21","1,985.56",-,0.02%,,2019/1/21,2000.77
2019/1/30,"2,010.95","1,989.54","2,019.47","1,988.86",-,1.07%,,2019/1/22,1978.83
2019/1/31,"2,028.49","2,014.45","2,029.69","2,014.43",-,0.87%,,2019/1/23,1980.15
2019/2/1,"2,029.55","2,027.35","2,033.32","2,024.40",-,0.05%,,2019/1/24,1983.23
2019/2/4,"2,037.76","2,028.93","2,037.87","2,023.54",-,0.40%,,2019/1/25,2001.86
2019/2/5,"2,051.36","2,037.97","2,051.99","2,037.90",-,0.67%,,2019/1/26,#N/A
2019/2/6,"2,047.11","2,051.34","2,052.52","2,043.71",-,-0.21%,,2019/1/27,#N/A
2019/2/7,"2,026.94","2,045.91","2,046.36","2,017.40",-,-0.99%,,2019/1/28,1989.18
2019/2/8,"2,020.53","2,025.89","2,025.89","2,008.01",-,-0.32%,,2019/1/29,1989.6
2019/2/11,"2,021.60","2,020.25","2,026.47","2,018.87",-,0.05%,,2019/1/30,2010.95
2019/2/12,"2,045.12","2,021.54","2,047.84","2,021.27",-,1.16%,,2019/1/31,2028.49
2019/2/13,"2,052.76","2,046.25","2,058.11","2,046.14",-,0.37%,,2019/2/1,2029.55
2019/2/14,"2,047.56","2,051.03","2,054.74","2,041.83",-,-0.25%,,2019/2/2,#N/A
2019/2/15,"2,066.58","2,048.84","2,068.56","2,045.65",-,0.93%,,2019/2/3,#N/A
2019/2/18,"2,072.62","2,068.27","2,073.94","2,068.27",-,0.29%,,2019/2/4,2037.76
2019/2/19,"2,075.91","2,072.57","2,080.34","2,067.68",-,0.16%,,2019/2/5,2051.36
2019/2/20,"2,083.64","2,076.70","2,086.11","2,076.64",-,0.37%,,2019/2/6,2047.11
2019/2/21,"2,077.44","2,083.34","2,084.81","2,071.56",-,-0.30%,,2019/2/7,2026.94
2019/2/22,"2,086.97","2,076.48","2,088.84","2,075.50",-,0.46%,,2019/2/8,2020.53
2019/2/25,"2,091.83","2,087.36","2,100.65","2,087.35",-,0.23%,,2019/2/9,#N/A
2019/2/26,"2,091.70","2,092.11","2,097.84","2,088.20",-,-0.01%,,2019/2/10,#N/A
2019/2/27,"2,092.12","2,093.33","2,094.22","2,082.44",-,0.02%,,2019/2/11,2021.6
2019/2/28,"2,085.84","2,091.31","2,091.93","2,084.00",-,-0.30%,,2019/2/12,2045.12
2019/3/1,"2,096.35","2,084.72","2,100.52","2,084.68",-,0.50%,,2019/2/13,2052.76
2019/3/4,"2,090.40","2,095.91","2,103.62","2,078.89",-,-0.28%,,2019/2/14,2047.56
2019/3/5,"2,087.50","2,090.98","2,091.46","2,083.95",-,-0.14%,,2019/2/15,2066.58
2019/3/6,"2,078.69","2,087.77","2,089.08","2,077.50",-,-0.42%,,2019/2/16,#N/A
2019/3/7,"2,061.41","2,078.49","2,078.97","2,054.69",-,-0.83%,,2019/2/17,#N/A
2019/3/8,"2,051.12","2,059.61","2,059.73","2,040.69",-,-0.50%,,2019/2/18,2072.62
2019/3/11,"2,074.66","2,050.99","2,075.97","2,050.25",-,1.15%,,2019/2/19,2075.91
2019/3/12,"2,083.38","2,077.13","2,087.04","2,077.11",-,0.42%,,2019/2/20,2083.64
2019/3/13,"2,095.67","2,083.80","2,100.31","2,080.93",-,0.59%,,2019/2/21,2077.44
2019/3/14,"2,096.32","2,097.39","2,099.58","2,093.30",-,0.03%,,2019/2/22,2086.97
2019/3/15,"2,108.78","2,096.08","2,112.62","2,096.02",-,0.59%,,2019/2/23,#N/A
2019/3/18,"2,117.99","2,109.12","2,119.11","2,108.93",-,0.44%,,2019/2/24,#N/A
2019/3/19,"2,121.47","2,114.20","2,131.84","2,113.17",-,0.16%,,2019/2/25,2091.83
2019/3/20,"2,112.05","2,120.47","2,126.20","2,107.10",-,-0.44%,,2019/2/26,2091.7
2019/3/21,"2,127.93","2,115.82","2,130.40","2,110.55",-,0.75%,,2019/2/27,2092.12
2019/3/22,"2,094.81","2,129.01","2,131.24","2,094.33",-,-1.56%,,2019/2/28,2085.84
2019/3/25,"2,087.06","2,094.20","2,094.21","2,079.79",-,-0.37%,,2019/3/1,2096.35
2019/3/26,"2,102.62","2,087.13","2,109.19","2,086.92",-,0.75%,,2019/3/2,#N/A
2019/3/27,"2,094.02","2,102.47","2,106.39","2,084.32",-,-0.41%,,2019/3/3,#N/A
2019/3/28,"2,095.18","2,093.68","2,098.65","2,086.47",-,0.06%,,2019/3/4,2090.4
2019/3/29,"2,107.74","2,094.60","2,107.76","2,094.56",-,0.60%,,2019/3/5,2087.5
2019/4/1,"2,131.79","2,107.35","2,132.00","2,107.27",-,1.14%,,2019/3/6,2078.69
2019/4/2,"2,131.71","2,130.56","2,133.90","2,126.95",-,0.00%,,2019/3/7,2061.41
2019/4/3,"2,143.02","2,133.09","2,149.09","2,132.93",-,0.53%,,2019/3/8,2051.12
2019/4/4,"2,142.75","2,143.32","2,144.47","2,136.85",-,-0.01%,,2019/3/9,#N/A
2019/4/5,"2,149.85","2,142.51","2,150.46","2,142.25",-,0.33%,,2019/3/10,#N/A
2019/4/8,"2,152.89","2,150.37","2,153.24","2,145.50",-,0.14%,,2019/3/11,2074.66
2019/4/9,"2,143.20","2,152.42","2,155.97","2,140.72",-,-0.45%,,2019/3/12,2083.38
2019/4/10,"2,147.99","2,141.34","2,149.38","2,140.58",-,0.22%,,2019/3/13,2095.67
2019/4/11,"2,147.61","2,148.37","2,150.49","2,143.66",-,-0.02%,,2019/3/14,2096.32
2019/4/12,"2,159.39","2,146.78","2,160.71","2,145.93",-,0.55%,,2019/3/15,2108.78
2019/4/15,"2,161.14","2,160.26","2,162.60","2,155.92",-,0.08%,,2019/3/16,#N/A
2019/4/16,"2,163.08","2,160.31","2,167.42","2,159.76",-,0.09%,,2019/3/17,#N/A
2019/4/17,"2,160.94","2,162.50","2,170.36","2,158.04",-,-0.10%,,2019/3/18,2117.99
2019/4/18,"2,160.21","2,160.55","2,161.58","2,153.13",-,-0.03%,,2019/3/19,2121.47
2019/4/19,"2,160.36","2,160.06","2,160.43","2,159.72",-,0.01%,,2019/3/20,2112.05
2019/4/22,"2,161.58","2,159.70","2,162.47","2,156.11",-,0.06%,,2019/3/21,2127.93
2019/4/23,"2,174.39","2,162.09","2,175.59","2,160.40",-,0.59%,,2019/3/22,2094.81
2019/4/24,"2,168.81","2,175.48","2,175.51","2,166.08",-,-0.26%,,2019/3/23,#N/A
2019/4/25,"2,165.36","2,166.23","2,168.09","2,157.75",-,-0.16%,,2019/3/24,#N/A
2019/4/26,"2,173.82","2,164.21","2,173.82","2,162.09",-,0.39%,,2019/3/25,2087.06
2019/4/29,"2,175.59","2,173.25","2,179.63","2,171.90",-,0.08%,,2019/3/26,2102.62
2019/4/30,"2,178.67","2,176.39","2,180.33","2,167.33",-,0.14%,,2019/3/27,2094.02
2019/5/1,"2,170.03","2,179.34","2,185.44","2,167.48",-,-0.40%,,2019/3/28,2095.18
2019/5/2,"2,161.11","2,167.74","2,168.84","2,153.09",-,-0.41%,,2019/3/29,2107.74
2019/5/3,"2,177.77","2,160.71","2,179.20","2,160.21",-,0.77%,,2019/3/30,#N/A
2019/5/6,"2,166.66","2,178.27","2,178.35","2,150.17",-,-0.51%,,2019/3/31,#N/A
2019/5/7,"2,135.49","2,166.82","2,167.60","2,126.11",-,-1.44%,,2019/4/1,2131.79
2019/5/8,"2,131.90","2,134.48","2,141.14","2,127.22",-,-0.17%,,2019/4/2,2131.71
2019/5/9,"2,119.31","2,130.71","2,131.04","2,102.48",-,-0.59%,,2019/4/3,2143.02
2019/5/10,"2,126.32","2,118.59","2,129.96","2,098.96",-,0.33%,,2019/4/4,2142.75
2019/5/13,"2,086.46","2,124.77","2,125.11","2,080.99",-,-1.87%,,2019/4/5,2149.85
2019/5/14,"2,098.76","2,084.61","2,106.89","2,081.75",-,0.59%,,2019/4/6,#N/A
2019/5/15,"2,110.40","2,098.67","2,113.66","2,087.51",-,0.55%,,2019/4/7,#N/A
2019/5/16,"2,126.06","2,110.26","2,133.41","2,108.01",-,0.74%,,2019/4/8,2152.89
2019/5/17,"2,116.50","2,126.98","2,129.21","2,113.82",-,-0.45%,,2019/4/9,2143.2
2019/5/20,"2,104.64","2,116.88","2,118.90","2,099.77",-,-0.56%,,2019/4/10,2147.99
2019/5/21,"2,117.66","2,103.80","2,119.82","2,102.53",-,0.62%,,2019/4/11,2147.61
2019/5/22,"2,111.78","2,117.07","2,118.42","2,109.57",-,-0.28%,,2019/4/12,2159.39
2019/5/23,"2,087.46","2,111.13","2,111.25","2,080.87",-,-1.15%,,2019/4/13,#N/A
2019/5/24,"2,095.03","2,087.25","2,102.50","2,086.59",-,0.36%,,2019/4/14,#N/A
2019/5/27,"2,096.43","2,095.80","2,098.62","2,095.39",-,0.07%,,2019/4/15,2161.14
2019/5/28,"2,084.57","2,096.57","2,104.40","2,084.19",-,-0.57%,,2019/4/16,2163.08
2019/5/29,"2,064.80","2,083.02","2,083.08","2,056.73",-,-0.95%,,2019/4/17,2160.94
2019/5/30,"2,066.48","2,063.39","2,072.14","2,061.76",-,0.08%,,2019/4/18,2160.21
2019/5/31,"2,046.25","2,066.41","2,066.78","2,042.57",-,-0.98%,,2019/4/19,2160.36
2019/6/3,"2,045.06","2,046.47","2,053.80","2,039.89",-,-0.06%,,2019/4/20,#N/A
2019/6/4,"2,077.66","2,047.90","2,079.78","2,045.76",-,1.59%,,2019/4/21,#N/A
2019/6/5,"2,095.83","2,080.35","2,095.83","2,080.35",-,0.87%,,2019/4/22,2161.58
2019/6/6,"2,104.18","2,093.28","2,107.11","2,092.99",-,0.40%,,2019/4/23,2174.39
2019/6/7,"2,126.88","2,103.86","2,133.33","2,103.68",-,1.08%,,2019/4/24,2168.81
2019/6/10,"2,135.51","2,126.41","2,144.08","2,126.09",-,0.41%,,2019/4/25,2165.36
2019/6/11,"2,139.74","2,135.93","2,153.16","2,135.64",-,0.20%,,2019/4/26,2173.82
2019/6/12,"2,134.42","2,139.60","2,140.87","2,131.43",-,-0.25%,,2019/4/27,#N/A
2019/6/13,"2,136.96","2,131.97","2,139.67","2,130.55",-,0.12%,,2019/4/28,#N/A
2019/6/14,"2,130.95","2,137.60","2,137.82","2,126.98",-,-0.28%,,2019/4/29,2175.59
2019/6/17,"2,130.86","2,129.53","2,135.64","2,128.56",-,0.00%,,2019/4/30,2178.67
2019/6/18,"2,150.91","2,130.83","2,157.73","2,129.35",-,0.94%,,2019/5/1,2170.03
2019/6/19,"2,161.60","2,153.22","2,165.47","2,153.01",-,0.50%,,2019/5/2,2161.11
2019/6/20,"2,183.36","2,164.09","2,186.67","2,164.06",-,1.01%,,2019/5/3,2177.77
2019/6/21,"2,178.16","2,184.05","2,184.95","2,176.84",-,-0.24%,,2019/5/4,#N/A
2019/6/24,"2,178.17","2,181.23","2,183.25","2,178.17",-,0.00%,,2019/5/5,#N/A
2019/6/25,"2,163.73","2,178.60","2,180.10","2,162.08",-,-0.66%,,2019/5/6,2166.66
2019/6/26,"2,158.41","2,161.51","2,168.26","2,157.71",-,-0.25%,,2019/5/7,2135.49
2019/6/27,"2,166.48","2,158.66","2,168.47","2,158.37",-,0.37%,,2019/5/8,2131.9
2019/6/28,"2,178.35","2,166.34","2,178.35","2,165.38",-,0.55%,,2019/5/9,2119.31
2019/7/1,"2,192.24","2,177.61","2,200.66","2,177.59",-,0.64%,,2019/5/10,2126.32
2019/7/2,"2,198.55","2,191.01","2,198.88","2,190.77",-,0.29%,,2019/5/11,#N/A
2019/7/3,"2,213.35","2,198.42","2,213.45","2,197.73",-,0.67%,,2019/5/12,#N/A
2019/7/4,"2,215.17","2,214.59","2,215.90","2,214.33",-,0.08%,,2019/5/13,2086.46
2019/7/5,"2,205.57","2,215.52","2,215.94","2,192.71",-,-0.43%,,2019/5/14,2098.76
2019/7/8,"2,194.62","2,205.54","2,205.63","2,192.12",-,-0.50%,,2019/5/15,2110.4
2019/7/9,"2,193.65","2,194.86","2,195.32","2,184.60",-,-0.04%,,2019/5/16,2126.06
2019/7/10,"2,201.14","2,192.37","2,208.05","2,191.80",-,0.34%,,2019/5/17,2116.5
2019/7/11,"2,205.35","2,202.24","2,208.80","2,199.91",-,0.19%,,2019/5/18,#N/A
2019/7/12,"2,212.65","2,204.91","2,213.76","2,204.40",-,0.33%,,2019/5/19,#N/A
2019/7/15,"2,214.34","2,213.69","2,216.32","2,211.85",-,0.08%,,2019/5/20,2104.64
2019/7/16,"2,208.09","2,214.29","2,214.39","2,205.57",-,-0.28%,,2019/5/21,2117.66
2019/7/17,"2,197.94","2,206.86","2,208.55","2,197.94",-,-0.46%,,2019/5/22,2111.78
2019/7/18,"2,198.40","2,197.36","2,202.87","2,188.61",-,0.02%,,2019/5/23,2087.46
2019/7/19,"2,194.61","2,202.10","2,209.77","2,194.54",-,-0.17%,,2019/5/24,2095.03
2019/7/22,"2,197.67","2,193.96","2,199.45","2,192.22",-,0.14%,,2019/5/25,#N/A
2019/7/23,"2,209.59","2,196.23","2,209.59","2,196.17",-,0.54%,,2019/5/26,#N/A
2019/7/24,"2,217.75","2,209.94","2,217.75","2,206.11",-,0.37%,,2019/5/27,2096.43
2019/7/25,"2,206.92","2,217.19","2,220.86","2,202.88",-,-0.49%,,2019/5/28,2084.57
2019/7/26,"2,215.71","2,205.03","2,216.79","2,203.71",-,0.40%,,2019/5/29,2064.8
2019/7/29,"2,212.50","2,215.42","2,217.56","2,209.84",-,-0.14%,,2019/5/30,2066.48
2019/7/30,"2,203.40","2,213.32","2,214.14","2,197.73",-,-0.41%,,2019/5/31,2046.25
2019/7/31,"2,187.56","2,202.91","2,205.10","2,172.85",-,-0.72%,,2019/6/1,#N/A
2019/8/1,"2,173.18","2,182.62","2,201.77","2,171.25",-,-0.66%,,2019/6/2,#N/A
2019/8/2,"2,149.99","2,172.77","2,172.89","2,140.58",-,-1.07%,,2019/6/3,2045.06
2019/8/5,"2,097.32","2,149.01","2,149.69","2,087.38",-,-2.45%,,2019/6/4,2077.66
2019/8/6,"2,109.20","2,098.47","2,109.98","2,092.80",-,0.57%,,2019/6/5,2095.83
2019/8/7,"2,114.05","2,109.18","2,116.91","2,083.92",-,0.23%,,2019/6/6,2104.18
2019/8/8,"2,146.91","2,112.79","2,147.89","2,112.06",-,1.55%,,2019/6/7,2126.88
2019/8/9,"2,135.34","2,148.68","2,149.42","2,127.82",-,-0.54%,,2019/6/8,#N/A
2019/8/12,"2,117.73","2,135.35","2,139.14","2,112.91",-,-0.82%,,2019/6/9,#N/A
2019/8/13,"2,134.54","2,116.28","2,143.94","2,108.50",-,0.79%,,2019/6/10,2135.51
2019/8/14,"2,086.26","2,135.53","2,136.40","2,085.05",-,-2.26%,,2019/6/11,2139.74
2019/8/15,"2,082.84","2,084.34","2,087.99","2,073.22",-,-0.16%,,2019/6/12,2134.42
2019/8/16,"2,108.50","2,082.11","2,110.88","2,081.82",-,1.23%,,2019/6/13,2136.96
2019/8/19,"2,131.81","2,109.77","2,135.00","2,109.46",-,1.11%,,2019/6/14,2130.95
2019/8/20,"2,119.57","2,131.37","2,134.39","2,119.57",-,-0.57%,,2019/6/15,#N/A
2019/8/21,"2,135.52","2,118.44","2,137.87","2,117.63",-,0.75%,,2019/6/16,#N/A
2019/8/22,"2,131.68","2,135.49","2,141.50","2,122.58",-,-0.18%,,2019/6/17,2130.86
2019/8/23,"2,094.63","2,131.54","2,137.20","2,091.58",-,-1.74%,,2019/6/18,2150.91
2019/8/26,"2,105.22","2,095.54","2,105.30","2,088.74",-,0.51%,,2019/6/19,2161.6
2019/8/27,"2,104.85","2,106.40","2,119.75","2,101.09",-,-0.02%,,2019/6/20,2183.36
2019/8/28,"2,111.92","2,104.69","2,112.35","2,093.78",-,0.34%,,2019/6/21,2178.16
2019/8/29,"2,133.08","2,112.04","2,134.92","2,110.78",-,1.00%,,2019/6/22,#N/A
2019/8/30,"2,138.52","2,134.12","2,147.21","2,130.66",-,0.26%,,2019/6/23,#N/A
2019/9/2,"2,136.58","2,137.10","2,137.91","2,135.84",-,-0.09%,,2019/6/24,2178.17
2019/9/3,"2,126.92","2,136.13","2,136.31","2,119.08",-,-0.45%,,2019/6/25,2163.73
2019/9/4,"2,149.80","2,126.74","2,150.59","2,125.92",-,1.08%,,2019/6/26,2158.41
2019/9/5,"2,174.27","2,151.56","2,179.86","2,151.46",-,1.14%,,2019/6/27,2166.48
2019/9/6,"2,178.90","2,174.88","2,181.29","2,174.75",-,0.21%,,2019/6/28,2178.35
2019/9/9,"2,178.41","2,177.68","2,183.82","2,174.86",-,-0.02%,,2019/6/29,#N/A
2019/9/10,"2,179.43","2,178.22","2,179.43","2,166.64",-,0.05%,,2019/6/30,#N/A
2019/9/11,"2,194.42","2,179.56","2,194.50","2,179.56",-,0.69%,,2019/7/1,2192.24
2019/9/12,"2,201.81","2,195.26","2,208.16","2,195.09",-,0.34%,,2019/7/2,2198.55
2019/9/13,"2,205.81","2,202.11","2,211.21","2,201.94",-,0.18%,,2019/7/3,2213.35
2019/9/16,"2,195.88","2,206.79","2,207.05","2,193.22",-,-0.45%,,2019/7/4,2215.17
2019/9/17,"2,201.77","2,195.58","2,203.03","2,193.19",-,0.27%,,2019/7/5,2205.57
2019/9/18,"2,201.02","2,202.95","2,202.95","2,185.64",-,-0.03%,,2019/7/6,#N/A
2019/9/19,"2,204.67","2,200.19","2,211.52","2,200.19",-,0.17%,,2019/7/7,#N/A
2019/9/20,"2,197.55","2,205.39","2,209.32","2,195.02",-,-0.32%,,2019/7/8,2194.62
2019/9/23,"2,193.74","2,197.88","2,198.29","2,188.74",-,-0.17%,,2019/7/9,2193.65
2019/9/24,"2,182.07","2,193.74","2,202.85","2,179.35",-,-0.53%,,2019/7/10,2201.14
2019/9/25,"2,184.56","2,182.21","2,185.96","2,168.02",-,0.11%,,2019/7/11,2205.35
2019/9/26,"2,183.46","2,185.46","2,188.48","2,176.83",-,-0.05%,,2019/7/12,2212.65
2019/9/27,"2,175.54","2,181.37","2,186.72","2,167.89",-,-0.36%,,2019/7/13,#N/A
2019/9/30,"2,180.02","2,175.69","2,183.02","2,171.70",-,0.21%,,2019/7/14,#N/A
2019/10/1,"2,158.47","2,180.50","2,185.82","2,158.47",-,-0.99%,,2019/7/15,2214.34
2019/10/2,"2,121.47","2,160.07","2,160.35","2,115.92",-,-1.71%,,2019/7/16,2208.09
2019/10/3,"2,131.36","2,121.98","2,131.36","2,102.44",-,0.47%,,2019/7/17,2197.94
2019/10/4,"2,153.83","2,129.97","2,155.04","2,129.53",-,1.05%,,2019/7/18,2198.4
2019/10/7,"2,151.82","2,154.46","2,159.92","2,148.68",-,-0.09%,,2019/7/19,2194.61
2019/10/8,"2,124.15","2,150.29","2,153.22","2,124.00",-,-1.29%,,2019/7/20,#N/A
2019/10/9,"2,137.62","2,124.27","2,141.63","2,121.99",-,0.63%,,2019/7/21,#N/A
2019/10/10,"2,150.16","2,138.25","2,155.75","2,135.98",-,0.59%,,2019/7/22,2197.67
2019/10/11,"2,179.33","2,151.48","2,190.08","2,151.48",-,1.36%,,2019/7/23,2209.59
2019/10/14,"2,175.28","2,179.04","2,179.85","2,172.72",-,-0.19%,,2019/7/24,2217.75
2019/10/15,"2,196.61","2,175.56","2,201.11","2,175.35",-,0.98%,,2019/7/25,2206.92
2019/10/16,"2,195.35","2,196.33","2,199.97","2,192.77",-,-0.06%,,2019/7/26,2215.71
2019/10/17,"2,201.92","2,196.10","2,208.75","2,194.10",-,0.30%,,2019/7/27,#N/A
2019/10/18,"2,195.28","2,202.59","2,203.12","2,190.94",-,-0.30%,,2019/7/28,#N/A
2019/10/21,"2,209.34","2,196.14","2,209.60","2,195.57",-,0.64%,,2019/7/29,2212.5
2019/10/22,"2,204.29","2,209.27","2,213.97","2,203.93",-,-0.23%,,2019/7/30,2203.4
2019/10/23,"2,208.28","2,204.11","2,209.22","2,201.32",-,0.18%,,2019/7/31,2187.56
2019/10/24,"2,215.64","2,209.22","2,218.79","2,209.22",-,0.33%,,2019/8/1,2173.18
2019/10/25,"2,222.75","2,215.76","2,224.43","2,211.53",-,0.32%,,2019/8/2,2149.99
2019/10/28,"2,231.40","2,222.21","2,234.51","2,221.92",-,0.39%,,2019/8/3,#N/A
2019/10/29,"2,232.45","2,231.75","2,236.64","2,228.88",-,0.05%,,2019/8/4,#N/A
2019/10/30,"2,237.31","2,231.83","2,240.15","2,226.07",-,0.22%,,2019/8/5,2097.32
2019/10/31,"2,233.53","2,238.81","2,241.21","2,226.09",-,-0.17%,,2019/8/6,2109.2
2019/11/1,"2,252.07","2,232.03","2,252.07","2,231.82",-,0.83%,,2019/8/7,2114.05
2019/11/4,"2,261.45","2,251.78","2,265.29","2,251.54",-,0.42%,,2019/8/8,2146.91
2019/11/5,"2,259.26","2,259.88","2,264.49","2,257.30",-,-0.10%,,2019/8/9,2135.34
2019/11/6,"2,261.37","2,260.10","2,261.83","2,256.19",-,0.09%,,2019/8/10,#N/A
2019/11/7,"2,266.69","2,261.01","2,273.18","2,260.98",-,0.24%,,2019/8/11,#N/A
2019/11/8,"2,268.83","2,266.83","2,268.83","2,258.63",-,0.09%,,2019/8/12,2117.73
2019/11/11,"2,266.36","2,268.45","2,269.75","2,259.76",-,-0.11%,,2019/8/13,2134.54
2019/11/12,"2,270.01","2,265.85","2,275.34","2,264.78",-,0.16%,,2019/8/14,2086.26
2019/11/13,"2,268.33","2,270.39","2,270.55","2,259.81",-,-0.07%,,2019/8/15,2082.84
2019/11/14,"2,265.29","2,268.23","2,268.44","2,260.68",-,-0.13%,,2019/8/16,2108.5
2019/11/15,"2,282.80","2,266.54","2,282.80","2,266.37",-,0.77%,,2019/8/17,#N/A
2019/11/18,"2,285.76","2,282.81","2,286.36","2,278.96",-,0.13%,,2019/8/18,#N/A
2019/11/19,"2,284.85","2,285.02","2,290.09","2,280.67",-,-0.04%,,2019/8/19,2131.81
2019/11/20,"2,274.92","2,283.22","2,283.89","2,267.23",-,-0.43%,,2019/8/20,2119.57
2019/11/21,"2,270.36","2,275.52","2,275.52","2,264.90",-,-0.20%,,2019/8/21,2135.52
2019/11/22,"2,273.89","2,269.62","2,277.42","2,268.76",-,0.16%,,2019/8/22,2131.68
2019/11/25,"2,290.65","2,273.60","2,290.70","2,273.55",-,0.74%,,2019/8/23,2094.63
2019/11/26,"2,294.78","2,291.85","2,296.56","2,290.13",-,0.18%,,2019/8/24,#N/A
2019/11/27,"2,302.67","2,295.47","2,302.84","2,295.40",-,0.34%,,2019/8/25,#N/A
2019/11/28,"2,301.79","2,303.25","2,303.72","2,301.10",-,-0.04%,,2019/8/26,2105.22
2019/11/29,"2,292.26","2,302.10","2,302.86","2,291.62",-,-0.41%,,2019/8/27,2104.85
2019/12/2,"2,276.40","2,291.89","2,296.59","2,274.80",-,-0.69%,,2019/8/28,2111.92
2019/12/3,"2,263.10","2,276.79","2,277.24","2,250.88",-,-0.58%,,2019/8/29,2133.08
2019/12/4,"2,275.47","2,262.84","2,278.44","2,260.39",-,0.55%,,2019/8/30,2138.52
2019/12/5,"2,278.63","2,275.40","2,281.48","2,272.51",-,0.14%,,2019/8/31,#N/A
2019/12/6,"2,296.39","2,279.14","2,299.53","2,279.12",-,0.78%,,2019/9/1,#N/A
2019/12/9,"2,292.58","2,298.68","2,300.00","2,292.35",-,-0.17%,,2019/9/2,2136.58
2019/12/10,"2,289.67","2,292.34","2,294.45","2,285.65",-,-0.13%,,2019/9/3,2126.92
2019/12/11,"2,295.02","2,289.37","2,298.87","2,288.04",-,0.23%,,2019/9/4,2149.8
2019/12/12,"2,309.36","2,297.33","2,316.07","2,295.80",-,0.62%,,2019/9/5,2174.27
2019/12/13,"2,319.73","2,314.50","2,329.51","2,313.38",-,0.45%,,2019/9/6,2178.9
2019/12/16,"2,337.45","2,319.52","2,341.11","2,319.52",-,0.76%,,2019/9/7,#N/A
2019/12/17,"2,336.62","2,336.95","2,339.03","2,335.06",-,-0.04%,,2019/9/8,#N/A
2019/12/18,"2,333.28","2,336.47","2,337.94","2,333.11",-,-0.14%,,2019/9/9,2178.41
2019/12/19,"2,340.65","2,333.18","2,341.03","2,331.51",-,0.32%,,2019/9/10,2179.43
2019/12/20,"2,349.87","2,340.72","2,351.09","2,339.24",-,0.39%,,2019/9/11,2194.42
2019/12/23,"2,350.75","2,349.13","2,352.75","2,348.65",-,0.04%,,2019/9/12,2201.81
2019/12/24,"2,351.84","2,351.47","2,352.21","2,349.49",-,0.05%,,2019/9/13,2205.81
2019/12/25,"2,351.22","2,351.31","2,351.73","2,349.92",-,-0.03%,,2019/9/14,#N/A
2019/12/26,"2,360.21","2,351.45","2,360.64","2,351.40",-,0.38%,,2019/9/15,#N/A
2019/12/27,"2,364.90","2,361.08","2,369.20","2,360.69",-,0.20%,,2019/9/16,2195.88
2019/12/30,"2,353.25","2,365.60","2,366.87","2,351.65",-,-0.49%,,2019/9/17,2201.77
2019/12/31,"2,358.47","2,353.24","2,358.52","2,350.34",-,0.22%,,2019/9/18,2201.02
2020/1/1,"2,358.48","2,358.25","2,358.48","2,358.03",-,0.00%,,2019/9/19,2204.67
2020/1/2,"2,375.94","2,358.01","2,375.94","2,357.16",-,0.74%,,2019/9/20,2197.55
2020/1/3,"2,363.12","2,373.88","2,375.75","2,357.68",-,-0.54%,,2019/9/21,#N/A
2020/1/6,"2,364.49","2,360.98","2,364.66","2,348.78",-,0.06%,,2019/9/22,#N/A
2020/1/7,"2,362.43","2,365.97","2,371.67","2,359.76",-,-0.09%,,2019/9/23,2193.74
2020/1/8,"2,366.93","2,362.94","2,372.28","2,357.32",-,0.19%,,2019/9/24,2182.07
2020/1/9,"2,379.85","2,365.75","2,380.67","2,365.69",-,0.55%,,2019/9/25,2184.56
2020/1/10,"2,377.62","2,380.47","2,386.53","2,375.80",-,-0.09%,,2019/9/26,2183.46
2020/1/13,"2,388.25","2,377.24","2,388.49","2,375.71",-,0.45%,,2019/9/27,2175.54
2020/1/14,"2,388.50","2,388.41","2,394.27","2,385.46",-,0.01%,,2019/9/28,#N/A
2020/1/15,"2,392.06","2,388.32","2,396.93","2,386.35",-,0.15%,,2019/9/29,#N/A
2020/1/16,"2,406.17","2,393.16","2,406.18","2,392.41",-,0.59%,,2019/9/30,2180.02
2020/1/17,"2,415.51","2,407.19","2,415.51","2,406.42",-,0.39%,,2019/10/1,2158.47
2020/1/20,"2,415.03","2,415.19","2,416.53","2,413.95",-,-0.02%,,2019/10/2,2121.47
2020/1/21,"2,409.29","2,415.62","2,415.62","2,406.77",-,-0.24%,,2019/10/3,2131.36
2020/1/22,"2,410.23","2,408.55","2,419.06","2,408.52",-,0.04%,,2019/10/4,2153.83
2020/1/23,"2,406.14","2,410.86","2,411.19","2,395.44",-,-0.17%,,2019/10/5,#N/A
2020/1/24,"2,395.31","2,406.23","2,415.43","2,389.24",-,-0.45%,,2019/10/6,#N/A
2020/1/27,"2,356.09","2,396.25","2,396.58","2,354.15",-,-1.64%,,2019/10/7,2151.82
2020/1/28,"2,372.52","2,355.87","2,377.71","2,352.94",-,0.70%,,2019/10/8,2124.15
2020/1/29,"2,373.52","2,373.77","2,383.07","2,371.95",-,0.04%,,2019/10/9,2137.62
2020/1/30,"2,372.01","2,374.43","2,374.78","2,351.68",-,-0.06%,,2019/10/10,2150.16
2020/1/31,"2,342.41","2,371.64","2,374.68","2,337.97",-,-1.25%,,2019/10/11,2179.33
2020/2/3,"2,351.45","2,342.14","2,361.26","2,338.51",-,0.39%,,2019/10/12,#N/A
2020/2/4,"2,383.30","2,351.21","2,388.03","2,350.55",-,1.35%,,2019/10/13,#N/A
2020/2/5,"2,404.96","2,383.61","2,406.20","2,383.61",-,0.91%,,2019/10/14,2175.28
2020/2/6,"2,416.48","2,405.10","2,417.48","2,405.09",-,0.48%,,2019/10/15,2196.61
2020/2/7,"2,404.75","2,416.56","2,416.66","2,401.12",-,-0.49%,,2019/10/16,2195.35
2020/2/10,"2,413.10","2,403.52","2,413.10","2,397.12",-,0.35%,,2019/10/17,2201.92
2020/2/11,"2,421.26","2,412.73","2,430.14","2,412.72",-,0.34%,,2019/10/18,2195.28
2020/2/12,"2,434.95","2,421.72","2,434.95","2,420.87",-,0.57%,,2019/10/19,#N/A
2020/2/13,"2,429.89","2,433.95","2,434.49","2,420.96",-,-0.21%,,2019/10/20,#N/A
2020/2/14,"2,431.37","2,429.32","2,432.25","2,425.30",-,0.06%,,2019/10/21,2209.34
2020/2/17,"2,430.69","2,431.44","2,432.17","2,428.73",-,-0.03%,,2019/10/22,2204.29
2020/2/18,"2,421.47","2,431.13","2,431.19","2,413.78",-,-0.38%,,2019/10/23,2208.28
2020/2/19,"2,431.22","2,420.85","2,433.60","2,420.18",-,0.40%,,2019/10/24,2215.64
2020/2/20,"2,420.21","2,431.02","2,433.95","2,405.54",-,-0.45%,,2019/10/25,2222.75
2020/2/21,"2,402.80","2,419.40","2,420.58","2,398.97",-,-0.72%,,2019/10/26,#N/A
2020/2/24,"2,330.75","2,401.75","2,401.99","2,326.23",-,-3.00%,,2019/10/27,#N/A
2020/2/25,"2,269.42","2,328.51","2,330.67","2,265.53",-,-2.63%,,2019/10/28,2231.4
2020/2/26,"2,258.62","2,269.19","2,291.63","2,254.23",-,-0.48%,,2019/10/29,2232.45
2020/2/27,"2,177.25","2,258.95","2,259.07","2,177.16",-,-3.60%,,2019/10/30,2237.31
2020/2/28,"2,141.12","2,175.92","2,176.00","2,087.86",-,-1.66%,,2019/10/31,2233.53
2020/3/2,"2,212.38","2,144.07","2,212.53","2,139.85",-,3.33%,,2019/11/1,2252.07
2020/3/3,"2,179.48","2,212.99","2,249.35","2,167.64",-,-1.49%,,2019/11/2,#N/A
2020/3/4,"2,243.09","2,179.29","2,243.22","2,175.99",-,2.92%,,2019/11/3,#N/A
2020/3/5,"2,192.35","2,243.17","2,248.62","2,182.53",-,-2.26%,,2019/11/4,2261.45
2020/3/6,"2,149.29","2,194.79","2,194.79","2,116.32",-,-1.96%,,2019/11/5,2259.26
2020/3/9,"1,995.22","2,152.33","2,152.46","1,992.29",-,-7.17%,,2019/11/6,2261.37
2020/3/10,"2,051.96","1,994.60","2,051.96","1,982.51",-,2.84%,,2019/11/7,2266.69
2020/3/11,"1,972.04","2,049.04","2,054.74","1,956.02",-,-3.89%,,2019/11/8,2268.83
2020/3/12,"1,776.52","1,970.61","1,970.61","1,776.52",-,-9.91%,,2019/11/9,#N/A
2020/3/13,"1,881.64","1,778.10","1,882.28","1,760.17",-,5.92%,,2019/11/10,#N/A
2020/3/16,"1,702.79","1,885.08","1,885.45","1,699.79",-,-9.51%,,2019/11/11,2266.36
2020/3/17,"1,772.93","1,702.25","1,788.52","1,683.91",-,4.12%,,2019/11/12,2270.01
2020/3/18,"1,682.25","1,774.56","1,778.49","1,626.51",-,-5.11%,,2019/11/13,2268.33
2020/3/19,"1,694.45","1,684.07","1,717.87","1,636.94",-,0.73%,,2019/11/14,2265.29
2020/3/20,"1,650.94","1,690.04","1,729.69","1,644.91",-,-2.57%,,2019/11/15,2282.8
2020/3/23,"1,602.11","1,647.45","1,652.22","1,579.14",-,-2.96%,,2019/11/16,#N/A
2020/3/24,"1,742.61","1,605.52","1,742.61","1,605.43",-,8.77%,,2019/11/17,#N/A
2020/3/25,"1,785.99","1,745.35","1,834.67","1,739.01",-,2.49%,,2019/11/18,2285.76
2020/3/26,"1,875.56","1,788.40","1,879.92","1,779.88",-,5.02%,,2019/11/19,2284.85
2020/3/27,"1,827.17","1,876.21","1,884.92","1,811.35",-,-2.58%,,2019/11/20,2274.92
2020/3/30,"1,870.48","1,829.35","1,873.55","1,818.03",-,2.37%,,2019/11/21,2270.36
2020/3/31,"1,852.73","1,871.00","1,881.14","1,847.48",-,-0.95%,,2019/11/22,2273.89
2020/4/1,"1,781.27","1,855.09","1,856.84","1,771.13",-,-3.86%,,2019/11/23,#N/A
2020/4/2,"1,803.07","1,781.33","1,810.91","1,765.26",-,1.22%,,2019/11/24,#N/A
2020/4/3,"1,776.86","1,802.87","1,804.73","1,763.77",-,-1.45%,,2019/11/25,2290.65
2020/4/6,"1,881.48","1,775.95","1,887.42","1,775.61",-,5.89%,,2019/11/26,2294.78
2020/4/7,"1,895.04","1,883.20","1,945.55","1,882.98",-,0.72%,,2019/11/27,2302.67
2020/4/8,"1,940.08","1,896.30","1,944.56","1,889.37",-,2.38%,,2019/11/28,2301.79
2020/4/9,"1,970.67","1,939.83","1,985.11","1,938.34",-,1.58%,,2019/11/29,2292.26
2020/4/10,"1,971.95","1,969.51","1,972.79","1,968.00",-,0.06%,,2019/11/30,#N/A
2020/4/13,"1,956.75","1,970.82","1,971.84","1,936.96",-,-0.77%,,2019/12/1,#N/A
2020/4/14,"2,006.81","1,958.46","2,009.73","1,957.92",-,2.56%,,2019/12/2,2276.4
2020/4/15,"1,960.20","2,007.24","2,008.26","1,949.68",-,-2.32%,,2019/12/3,2263.1
2020/4/16,"1,964.33","1,957.89","1,969.81","1,947.01",-,0.21%,,2019/12/4,2275.47
2020/4/17,"2,017.51","1,966.08","2,018.69","1,966.08",-,2.71%,,2019/12/5,2278.63
2020/4/20,"1,994.03","2,015.56","2,016.23","1,989.25",-,-1.16%,,2019/12/6,2296.39
2020/4/21,"1,932.25","1,991.45","1,991.57","1,927.14",-,-3.10%,,2019/12/7,#N/A
2020/4/22,"1,968.27","1,930.97","1,974.42","1,928.21",-,1.86%,,2019/12/8,#N/A
2020/4/23,"1,974.38","1,968.46","1,999.55","1,967.52",-,0.31%,,2019/12/9,2292.58
2020/4/24,"1,987.65","1,971.62","1,990.67","1,964.37",-,0.67%,,2019/12/10,2289.67
2020/4/27,"2,022.49","1,988.73","2,026.66","1,988.41",-,1.75%,,2019/12/11,2295.02
2020/4/28,"2,023.35","2,021.91","2,053.65","2,020.14",-,0.04%,,2019/12/12,2309.36
2020/4/29,"2,070.76","2,023.90","2,078.66","2,023.90",-,2.34%,,2019/12/13,2319.73
2020/4/30,"2,052.85","2,072.60","2,077.74","2,043.10",-,-0.86%,,2019/12/14,#N/A
2020/5/1,"2,004.79","2,049.78","2,050.13","1,999.44",-,-2.34%,,2019/12/15,#N/A
2020/5/4,"1,997.75","2,002.13","2,002.13","1,976.01",-,-0.35%,,2019/12/16,2337.45
2020/5/5,"2,018.11","1,998.17","2,032.59","1,998.17",-,1.02%,,2019/12/17,2336.62
2020/5/6,"2,007.60","2,018.21","2,030.00","2,006.85",-,-0.52%,,2019/12/18,2333.28
2020/5/7,"2,026.12","2,005.93","2,038.13","2,005.04",-,0.92%,,2019/12/19,2340.65
2020/5/8,"2,061.89","2,030.43","2,061.89","2,030.43",-,1.77%,,2019/12/20,2349.87
2020/5/11,"2,060.70","2,060.82","2,066.39","2,045.32",-,-0.06%,,2019/12/21,#N/A
2020/5/12,"2,034.06","2,059.96","2,070.81","2,032.05",-,-1.29%,,2019/12/22,#N/A
2020/5/13,"1,998.48","2,030.87","2,032.60","1,984.49",-,-1.75%,,2019/12/23,2350.75
2020/5/14,"1,999.89","1,997.23","2,000.16","1,952.89",-,0.07%,,2019/12/24,2351.84
2020/5/15,"2,008.41","2,001.32","2,008.77","1,986.80",-,0.43%,,2019/12/25,2351.22
2020/5/18,"2,069.00","2,009.06","2,077.02","2,008.37",-,3.02%,,2019/12/26,2360.21
2020/5/19,"2,061.37","2,071.66","2,081.85","2,060.39",-,-0.37%,,2019/12/27,2364.9
2020/5/20,"2,092.03","2,060.37","2,096.69","2,058.77",-,1.49%,,2019/12/28,#N/A
2020/5/21,"2,074.10","2,091.48","2,093.14","2,068.48",-,-0.86%,,2019/12/29,#N/A
2020/5/22,"2,071.90","2,074.80","2,075.39","2,059.83",-,-0.11%,,2019/12/30,2353.25
2020/5/25,"2,081.83","2,073.92","2,082.05","2,073.37",-,0.48%,,2019/12/31,2358.47
2020/5/26,"2,114.27","2,083.10","2,127.61","2,083.04",-,1.56%,,2020/1/1,2358.48
2020/5/27,"2,136.90","2,114.36","2,138.66","2,102.49",-,1.07%,,2020/1/2,2375.94
2020/5/28,"2,148.33","2,140.17","2,167.71","2,139.70",-,0.53%,,2020/1/3,2363.12
2020/5/29,"2,147.88","2,147.81","2,149.63","2,126.32",-,-0.02%,,2020/1/4,#N/A
2020/6/1,"2,163.92","2,147.96","2,166.85","2,147.63",-,0.75%,,2020/1/5,#N/A
2020/6/2,"2,187.09","2,164.68","2,187.09","2,164.55",-,1.07%,,2020/1/6,2364.49
2020/6/3,"2,222.54","2,187.95","2,226.83","2,187.95",-,1.62%,,2020/1/7,2362.43
2020/6/4,"2,218.50","2,223.77","2,227.91","2,207.65",-,-0.18%,,2020/1/8,2366.93
2020/6/5,"2,266.76","2,217.31","2,274.68","2,216.20",-,2.18%,,2020/1/9,2379.85
2020/6/8,"2,288.04","2,268.33","2,289.20","2,263.83",-,0.94%,,2020/1/10,2377.62
2020/6/9,"2,275.28","2,289.24","2,291.59","2,266.21",-,-0.56%,,2020/1/11,#N/A
2020/6/10,"2,267.36","2,273.08","2,285.90","2,261.83",-,-0.35%,,2020/1/12,#N/A
2020/6/11,"2,154.44","2,266.86","2,267.28","2,149.94",-,-4.98%,,2020/1/13,2388.25
2020/6/12,"2,164.46","2,148.23","2,196.02","2,135.87",-,0.47%,,2020/1/14,2388.5
2020/6/15,"2,171.44","2,163.37","2,179.99","2,116.44",-,0.32%,,2020/1/15,2392.06
2020/6/16,"2,219.10","2,175.76","2,238.02","2,175.76",-,2.19%,,2020/1/16,2406.17
2020/6/17,"2,217.90","2,220.53","2,231.61","2,214.51",-,-0.05%,,2020/1/17,2415.51
2020/6/18,"2,215.64","2,218.24","2,220.16","2,203.36",-,-0.10%,,2020/1/18,#N/A
2020/6/19,"2,208.97","2,215.22","2,237.26","2,201.70",-,-0.30%,,2020/1/19,#N/A
2020/6/22,"2,217.82","2,207.41","2,220.10","2,198.59",-,0.40%,,2020/1/20,2415.03
2020/6/23,"2,236.04","2,220.90","2,246.32","2,215.22",-,0.82%,,2020/1/21,2409.29
2020/6/24,"2,180.12","2,234.47","2,235.58","2,171.19",-,-2.50%,,2020/1/22,2410.23
2020/6/25,"2,193.40","2,176.85","2,194.75","2,160.47",-,0.61%,,2020/1/23,2406.14
2020/6/26,"2,157.19","2,195.11","2,203.41","2,157.02",-,-1.65%,,2020/1/24,2395.31
2020/6/29,"2,176.44","2,156.81","2,176.89","2,148.60",-,0.89%,,2020/1/25,#N/A
2020/6/30,"2,201.79","2,178.80","2,207.66","2,173.62",-,1.16%,,2020/1/26,#N/A
2020/7/1,"2,211.27","2,202.77","2,216.99","2,194.91",-,0.43%,,2020/1/27,2356.09
2020/7/2,"2,227.65","2,211.70","2,247.99","2,211.07",-,0.74%,,2020/1/28,2372.52
2020/7/3,"2,226.39","2,229.25","2,231.32","2,224.53",-,-0.06%,,2020/1/29,2373.52
2020/7/6,"2,264.29","2,226.82","2,265.66","2,226.81",-,1.70%,,2020/1/30,2372.01
2020/7/7,"2,243.17","2,263.58","2,265.32","2,241.29",-,-0.93%,,2020/1/31,2342.41
2020/7/8,"2,252.64","2,241.37","2,255.37","2,235.52",-,0.42%,,2020/2/1,#N/A
2020/7/9,"2,240.73","2,253.46","2,260.79","2,221.54",-,-0.53%,,2020/2/2,#N/A
2020/7/10,"2,259.60","2,240.02","2,259.60","2,232.56",-,0.84%,,2020/2/3,2351.45
2020/7/13,"2,253.76","2,260.07","2,294.70","2,249.28",-,-0.26%,,2020/2/4,2383.3
2020/7/14,"2,270.69","2,250.97","2,272.20","2,232.93",-,0.75%,,2020/2/5,2404.96
2020/7/15,"2,298.78","2,272.82","2,306.12","2,272.82",-,1.24%,,2020/2/6,2416.48
2020/7/16,"2,288.81","2,298.47","2,298.47","2,279.16",-,-0.43%,,2020/2/7,2404.75
2020/7/17,"2,293.92","2,286.83","2,299.23","2,283.22",-,0.22%,,2020/2/8,#N/A
2020/7/20,"2,312.95","2,295.59","2,315.91","2,290.54",-,0.83%,,2020/2/9,#N/A
2020/7/21,"2,321.55","2,313.93","2,333.64","2,313.93",-,0.37%,,2020/2/10,2413.1
2020/7/22,"2,327.76","2,322.50","2,329.00","2,314.82",-,0.27%,,2020/2/11,2421.26
2020/7/23,"2,308.12","2,327.01","2,332.03","2,301.75",-,-0.84%,,2020/2/12,2434.95
2020/7/24,"2,291.58","2,307.94","2,309.35","2,282.51",-,-0.72%,,2020/2/13,2429.89
2020/7/27,"2,311.62","2,290.64","2,311.62","2,289.95",-,0.87%,,2020/2/14,2431.37
2020/7/28,"2,299.91","2,311.30","2,313.56","2,298.64",-,-0.51%,,2020/2/15,#N/A
2020/7/29,"2,319.71","2,298.43","2,324.13","2,296.82",-,0.86%,,2020/2/16,#N/A
2020/7/30,"2,304.01","2,321.12","2,321.60","2,278.69",-,-0.68%,,2020/2/17,2430.69
2020/7/31,"2,304.98","2,307.08","2,311.56","2,279.06",-,0.04%,,2020/2/18,2421.47
2020/8/3,"2,324.08","2,304.21","2,329.36","2,301.66",-,0.83%,,2020/2/19,2431.22
2020/8/4,"2,336.82","2,327.09","2,339.32","2,323.93",-,0.55%,,2020/2/20,2420.21
2020/8/5,"2,355.94","2,339.20","2,357.69","2,337.34",-,0.82%,,2020/2/21,2402.8
2020/8/6,"2,359.89","2,355.17","2,361.81","2,343.99",-,0.17%,,2020/2/22,#N/A
2020/8/7,"2,355.97","2,360.56","2,360.86","2,344.19",-,-0.17%,,2020/2/23,#N/A
2020/8/10,"2,360.87","2,355.69","2,364.04","2,347.82",-,0.21%,,2020/2/24,2330.75
2020/8/11,"2,359.47","2,360.61","2,382.53","2,354.91",-,-0.06%,,2020/2/25,2269.42
2020/8/12,"2,391.80","2,358.36","2,394.46","2,357.01",-,1.37%,,2020/2/26,2258.62
2020/8/13,"2,390.08","2,392.64","2,396.54","2,383.42",-,-0.07%,,2020/2/27,2177.25
2020/8/14,"2,384.20","2,389.12","2,390.16","2,379.00",-,-0.25%,,2020/2/28,2141.12
2020/8/17,"2,393.97","2,384.15","2,396.20","2,381.11",-,0.41%,,2020/2/29,#N/A
2020/8/18,"2,399.37","2,394.26","2,405.86","2,388.89",-,0.23%,,2020/3/1,#N/A
2020/8/19,"2,394.47","2,400.39","2,406.65","2,388.33",-,-0.20%,,2020/3/2,2212.38
2020/8/20,"2,389.15","2,389.82","2,393.64","2,371.46",-,-0.22%,,2020/3/3,2179.48
2020/8/21,"2,392.11","2,392.91","2,394.79","2,382.35",-,0.12%,,2020/3/4,2243.09
2020/8/24,"2,417.05","2,393.08","2,417.05","2,392.26",-,1.04%,,2020/3/5,2192.35
2020/8/25,"2,422.95","2,417.60","2,425.05","2,414.40",-,0.24%,,2020/3/6,2149.29
2020/8/26,"2,446.05","2,423.60","2,447.66","2,420.34",-,0.95%,,2020/3/7,#N/A
2020/8/27,"2,442.79","2,447.61","2,453.57","2,434.50",-,-0.13%,,2020/3/8,#N/A
2020/8/28,"2,456.86","2,444.00","2,457.86","2,442.76",-,0.58%,,2020/3/9,1995.22
2020/8/31,"2,455.51","2,458.97","2,461.35","2,450.44",-,-0.05%,,2020/3/10,2051.96
2020/9/1,"2,467.25","2,453.75","2,467.25","2,448.25",-,0.48%,,2020/3/11,1972.04
2020/9/2,"2,494.10","2,466.57","2,497.61","2,465.07",-,1.09%,,2020/3/12,1776.52
2020/9/3,"2,425.78","2,495.94","2,500.32","2,413.05",-,-2.74%,,2020/3/13,1881.64
2020/9/4,"2,399.60","2,423.92","2,433.90","2,357.31",-,-1.08%,,2020/3/14,#N/A
2020/9/7,"2,408.05","2,401.09","2,408.79","2,399.96",-,0.35%,,2020/3/15,#N/A
2020/9/8,"2,354.41","2,408.15","2,410.19","2,352.64",-,-2.23%,,2020/3/16,1702.79
2020/9/9,"2,393.75","2,350.96","2,405.82","2,348.25",-,1.67%,,2020/3/17,1772.93
2020/9/10,"2,367.80","2,395.21","2,413.49","2,360.37",-,-1.08%,,2020/3/18,1682.25
2020/9/11,"2,368.14","2,365.08","2,383.34","2,352.99",-,0.01%,,2020/3/19,1694.45
2020/9/14,"2,396.37","2,369.28","2,404.50","2,369.28",-,1.19%,,2020/3/20,1650.94
2020/9/15,"2,407.97","2,394.92","2,418.55","2,393.55",-,0.48%,,2020/3/21,#N/A
2020/9/16,"2,403.50","2,407.74","2,424.78","2,401.11",-,-0.19%,,2020/3/22,#N/A
2020/9/17,"2,383.54","2,401.54","2,401.60","2,368.72",-,-0.83%,,2020/3/23,1602.11
2020/9/18,"2,367.99","2,385.69","2,388.43","2,353.65",-,-0.65%,,2020/3/24,1742.61
2020/9/21,"2,329.49","2,366.63","2,368.13","2,300.42",-,-1.63%,,2020/3/25,1785.99
2020/9/22,"2,343.39","2,329.88","2,346.04","2,321.67",-,0.60%,,2020/3/26,1875.56
2020/9/23,"2,305.57","2,343.34","2,352.16","2,302.40",-,-1.61%,,2020/3/27,1827.17
2020/9/24,"2,300.30","2,303.37","2,318.54","2,280.83",-,-0.23%,,2020/3/28,#N/A
2020/9/25,"2,326.85","2,302.97","2,331.29","2,289.77",-,1.15%,,2020/3/29,#N/A
2020/9/28,"2,366.41","2,327.95","2,371.99","2,327.79",-,1.70%,,2020/3/30,1870.48
2020/9/29,"2,359.63","2,367.45","2,371.63","2,355.87",-,-0.29%,,2020/3/31,1852.73
2020/9/30,"2,367.27","2,360.73","2,381.98","2,350.85",-,0.32%,,2020/4/1,1781.27
2020/10/1,"2,380.02","2,367.51","2,387.01","2,367.35",-,0.54%,,2020/4/2,1803.07
2020/10/2,"2,362.41","2,380.72","2,382.07","2,346.41",-,-0.74%,,2020/4/3,1776.86
2020/10/5,"2,403.50","2,362.55","2,403.50","2,362.52",-,1.74%,,2020/4/4,#N/A
2020/10/6,"2,382.57","2,403.31","2,415.90","2,377.34",-,-0.87%,,2020/4/5,#N/A
2020/10/7,"2,409.39","2,379.19","2,412.95","2,378.01",-,1.13%,,2020/4/6,1881.48
2020/10/8,"2,427.36","2,410.57","2,428.08","2,409.85",-,0.75%,,2020/4/7,1895.04
2020/10/9,"2,447.76","2,428.23","2,450.50","2,427.29",-,0.84%,,2020/4/8,1940.08
2020/10/12,"2,477.92","2,447.82","2,484.98","2,447.01",-,1.23%,,2020/4/9,1970.67
2020/10/13,"2,464.18","2,479.03","2,479.17","2,458.45",-,-0.55%,,2020/4/10,1971.95
2020/10/14,"2,453.61","2,462.67","2,473.28","2,448.38",-,-0.43%,,2020/4/11,#N/A
2020/10/15,"2,435.93","2,452.27","2,452.82","2,414.58",-,-0.72%,,2020/4/12,#N/A
2020/10/16,"2,440.14","2,435.99","2,457.68","2,433.53",-,0.17%,,2020/4/13,1956.75
2020/10/19,"2,417.69","2,441.48","2,454.27","2,413.39",-,-0.92%,,2020/4/14,2006.81
2020/10/20,"2,422.71","2,415.72","2,439.15","2,412.64",-,0.21%,,2020/4/15,1960.2
2020/10/21,"2,417.83","2,423.71","2,435.01","2,416.51",-,-0.20%,,2020/4/16,1964.33
2020/10/22,"2,421.00","2,414.29","2,423.78","2,400.07",-,0.13%,,2020/4/17,2017.51
2020/10/23,"2,430.54","2,420.97","2,433.05","2,418.15",-,0.39%,,2020/4/18,#N/A
2020/10/26,"2,390.08","2,431.14","2,432.22","2,372.21",-,-1.66%,,2020/4/19,#N/A
2020/10/27,"2,381.65","2,388.32","2,391.82","2,379.94",-,-0.35%,,2020/4/20,1994.03
2020/10/28,"2,306.65","2,378.28","2,380.33","2,305.62",-,-3.15%,,2020/4/21,1932.25
2020/10/29,"2,318.44","2,304.05","2,333.92","2,293.81",-,0.51%,,2020/4/22,1968.27
2020/10/30,"2,292.93","2,319.66","2,320.30","2,276.24",-,-1.10%,,2020/4/23,1974.38
2020/11/2,"2,322.14","2,293.39","2,332.02","2,293.39",-,1.27%,,2020/4/24,1987.65
2020/11/3,"2,369.27","2,323.46","2,377.88","2,323.36",-,2.03%,,2020/4/25,#N/A
2020/11/4,"2,416.61","2,371.55","2,436.57","2,360.67",-,2.00%,,2020/4/26,#N/A
2020/11/5,"2,466.58","2,416.53","2,474.76","2,416.53",-,2.07%,,2020/4/27,2022.49
2020/11/6,"2,470.05","2,466.90","2,475.42","2,456.46",-,0.14%,,2020/4/28,2023.35
2020/11/9,"2,502.06","2,470.47","2,546.16","2,470.47",-,1.30%,,2020/4/29,2070.76
2020/11/10,"2,507.10","2,503.49","2,512.04","2,487.55",-,0.20%,,2020/4/30,2052.85
2020/11/11,"2,528.25","2,507.09","2,532.60","2,507.07",-,0.84%,,2020/5/1,2004.79
2020/11/12,"2,509.24","2,529.58","2,530.74","2,499.67",-,-0.75%,,2020/5/2,#N/A
2020/11/13,"2,529.29","2,508.43","2,533.82","2,504.41",-,0.80%,,2020/5/3,#N/A
2020/11/16,"2,561.50","2,530.60","2,562.62","2,530.60",-,1.27%,,2020/5/4,1997.75
2020/11/17,"2,558.43","2,563.58","2,564.80","2,545.01",-,-0.12%,,2020/5/5,2018.11
2020/11/18,"2,543.36","2,558.09","2,565.99","2,541.48",-,-0.59%,,2020/5/6,2007.6
2020/11/19,"2,546.31","2,541.80","2,549.50","2,526.58",-,0.12%,,2020/5/7,2026.12
2020/11/20,"2,540.02","2,547.75","2,551.11","2,539.97",-,-0.25%,,2020/5/8,2061.89
2020/11/23,"2,546.90","2,540.07","2,557.94","2,535.94",-,0.27%,,2020/5/9,#N/A
2020/11/24,"2,587.19","2,547.84","2,590.55","2,547.84",-,1.58%,,2020/5/10,#N/A
2020/11/25,"2,589.67","2,588.84","2,593.34","2,580.30",-,0.10%,,2020/5/11,2060.7
2020/11/26,"2,590.15","2,590.31","2,593.15","2,589.34",-,0.02%,,2020/5/12,2034.06
2020/11/27,"2,601.45","2,590.59","2,603.87","2,590.02",-,0.44%,,2020/5/13,1998.48
2020/11/30,"2,583.14","2,602.25","2,602.25","2,572.12",-,-0.70%,,2020/5/14,1999.89
2020/12/1,"2,609.01","2,581.24","2,617.58","2,581.20",-,1.00%,,2020/5/15,2008.41
2020/12/2,"2,613.91","2,612.20","2,616.16","2,598.63",-,0.19%,,2020/5/16,#N/A
2020/12/3,"2,621.28","2,616.34","2,628.14","2,613.75",-,0.28%,,2020/5/17,#N/A
2020/12/4,"2,639.66","2,620.29","2,639.66","2,619.52",-,0.70%,,2020/5/18,2069
2020/12/7,"2,635.88","2,639.26","2,640.18","2,629.72",-,-0.14%,,2020/5/19,2061.37
2020/12/8,"2,642.05","2,634.48","2,644.48","2,627.16",-,0.23%,,2020/5/20,2092.03
2020/12/9,"2,627.53","2,641.62","2,652.36","2,619.21",-,-0.55%,,2020/5/21,2074.1
2020/12/10,"2,628.58","2,626.33","2,633.47","2,610.03",-,0.04%,,2020/5/22,2071.9
2020/12/11,"2,621.89","2,629.67","2,631.37","2,606.81",-,-0.25%,,2020/5/23,#N/A
2020/12/14,"2,619.43","2,624.17","2,645.80","2,619.43",-,-0.09%,,2020/5/24,#N/A
2020/12/15,"2,643.74","2,620.38","2,645.27","2,617.19",-,0.93%,,2020/5/25,2081.83
2020/12/16,"2,654.79","2,644.90","2,659.98","2,644.90",-,0.42%,,2020/5/26,2114.27
2020/12/17,"2,674.87","2,655.82","2,675.30","2,654.94",-,0.76%,,2020/5/27,2136.9
2020/12/18,"2,666.30","2,675.20","2,676.01","2,654.23",-,-0.32%,,2020/5/28,2148.33
2020/12/21,"2,644.97","2,665.71","2,665.86","2,612.71",-,-0.80%,,2020/5/29,2147.88
2020/12/22,"2,643.07","2,647.63","2,648.95","2,636.53",-,-0.07%,,2020/5/30,#N/A
2020/12/23,"2,651.41","2,643.74","2,661.62","2,643.21",-,0.32%,,2020/5/31,#N/A
2020/12/24,"2,659.04","2,651.75","2,659.69","2,651.61",-,0.29%,,2020/6/1,2163.92
2020/12/25,"2,659.27","2,659.40","2,660.22","2,658.97",-,0.01%,,2020/6/2,2187.09
2020/12/28,"2,676.80","2,661.20","2,680.10","2,659.77",-,0.66%,,2020/6/3,2222.54
2020/12/29,"2,682.18","2,678.81","2,699.37","2,678.81",-,0.20%,,2020/6/4,2218.5
2020/12/30,"2,686.06","2,682.66","2,693.57","2,680.36",-,0.14%,,2020/6/5,2266.76
2020/12/31,"2,690.04","2,686.27","2,690.77","2,677.61",-,0.15%,,2020/6/6,#N/A
2021/1/1,"2,690.04","2,690.04","2,690.04","2,690.04",-,0.00%,,2020/6/7,#N/A
2021/1/4,"2,670.04","2,690.12","2,709.18","2,649.36",-,-0.74%,,2020/6/8,2288.04
2021/1/5,"2,684.18","2,668.91","2,690.33","2,666.18",-,0.53%,,2020/6/9,2275.28
2021/1/6,"2,699.51","2,685.94","2,719.15","2,677.25",-,0.57%,,2020/6/10,2267.36
2021/1/7,"2,734.19","2,703.01","2,738.63","2,702.28",-,1.28%,,2020/6/11,2154.44
2021/1/8,"2,753.31","2,735.27","2,754.11","2,729.57",-,0.70%,,2020/6/12,2164.46
2021/1/11,"2,730.05","2,751.15","2,751.15","2,722.14",-,-0.84%,,2020/6/13,#N/A
2021/1/12,"2,734.40","2,730.70","2,740.53","2,722.16",-,0.16%,,2020/6/14,#N/A
2021/1/13,"2,739.87","2,737.73","2,746.01","2,731.39",-,0.20%,,2020/6/15,2171.44
2021/1/14,"2,738.09","2,739.99","2,751.99","2,738.09",-,-0.06%,,2020/6/16,2219.1
2021/1/15,"2,714.81","2,739.16","2,739.88","2,702.02",-,-0.85%,,2020/6/17,2217.9
2021/1/18,"2,713.49","2,711.70","2,713.92","2,709.93",-,-0.05%,,2020/6/18,2215.64
2021/1/19,"2,732.48","2,713.57","2,736.01","2,713.52",-,0.70%,,2020/6/19,2208.97
2021/1/20,"2,761.48","2,732.70","2,765.16","2,731.82",-,1.06%,,2020/6/20,#N/A
2021/1/21,"2,765.57","2,763.62","2,770.88","2,760.68",-,0.15%,,2020/6/21,#N/A
2021/1/22,"2,755.66","2,766.27","2,766.44","2,749.02",-,-0.36%,,2020/6/22,2217.82
2021/1/25,"2,756.87","2,755.36","2,762.58","2,726.18",-,0.04%,,2020/6/23,2236.04
2021/1/26,"2,754.12","2,757.42","2,768.23","2,752.62",-,-0.10%,,2020/6/24,2180.12
2021/1/27,"2,694.42","2,755.14","2,755.83","2,685.39",-,-2.17%,,2020/6/25,2193.4
2021/1/28,"2,710.60","2,691.29","2,731.76","2,677.39",-,0.60%,,2020/6/26,2157.19
2021/1/29,"2,661.69","2,711.00","2,711.59","2,649.92",-,-1.80%,,2020/6/27,#N/A
2021/2/1,"2,697.88","2,659.13","2,702.49","2,659.13",-,1.36%,,2020/6/28,#N/A
2021/2/2,"2,731.95","2,697.46","2,739.33","2,697.46",-,1.26%,,2020/6/29,2176.44
2021/2/3,"2,737.93","2,734.86","2,746.71","2,730.56",-,0.22%,,2020/6/30,2201.79
2021/2/4,"2,757.66","2,738.71","2,757.66","2,734.43",-,0.72%,,2020/7/1,2211.27
2021/2/5,"2,773.45","2,759.34","2,777.22","2,759.23",-,0.57%,,2020/7/2,2227.65
2021/2/8,"2,795.89","2,774.62","2,796.07","2,774.58",-,0.81%,,2020/7/3,2226.39
2021/2/9,"2,798.55","2,795.96","2,802.96","2,791.89",-,0.10%,,2020/7/4,#N/A
2021/2/10,"2,800.68","2,799.73","2,814.78","2,785.18",-,0.08%,,2020/7/5,#N/A
2021/2/11,"2,807.16","2,800.18","2,811.80","2,793.70",-,0.23%,,2020/7/6,2264.29
2021/2/12,"2,818.85","2,806.83","2,819.94","2,799.75",-,0.42%,,2020/7/7,2243.17
2021/2/15,"2,829.67","2,820.78","2,830.70","2,820.66",-,0.38%,,2020/7/8,2252.64
2021/2/16,"2,828.15","2,830.53","2,838.40","2,821.92",-,-0.05%,,2020/7/9,2240.73
2021/2/17,"2,815.98","2,826.57","2,826.57","2,800.41",-,-0.43%,,2020/7/10,2259.6
2021/2/18,"2,802.92","2,816.86","2,817.87","2,787.06",-,-0.46%,,2020/7/11,#N/A
2021/2/19,"2,806.47","2,803.00","2,818.76","2,800.34",-,0.13%,,2020/7/12,#N/A
2021/2/22,"2,788.11","2,806.86","2,811.00","2,788.11",-,-0.65%,,2020/7/13,2253.76
2021/2/23,"2,789.21","2,788.98","2,795.20","2,743.05",-,0.04%,,2020/7/14,2270.69
2021/2/24,"2,802.40","2,788.36","2,806.61","2,766.89",-,0.47%,,2020/7/15,2298.78
2021/2/25,"2,760.26","2,807.16","2,813.96","2,748.67",-,-1.50%,,2020/7/16,2288.81
2021/2/26,"2,726.91","2,756.09","2,756.09","2,712.91",-,-1.21%,,2020/7/17,2293.92
2021/3/1,"2,783.70","2,727.78","2,788.89","2,727.55",-,2.08%,,2020/7/18,#N/A
2021/3/2,"2,768.25","2,784.75","2,788.29","2,768.25",-,-0.56%,,2020/7/19,#N/A
2021/3/3,"2,741.68","2,769.89","2,776.16","2,740.34",-,-0.96%,,2020/7/20,2312.95
2021/3/4,"2,706.48","2,740.34","2,744.20","2,678.72",-,-1.28%,,2020/7/21,2321.55
2021/3/5,"2,728.56","2,701.52","2,734.05","2,670.21",-,0.82%,,2020/7/22,2327.76
2021/3/8,"2,722.64","2,729.74","2,754.21","2,721.63",-,-0.22%,,2020/7/23,2308.12
2021/3/9,"2,761.82","2,723.24","2,776.29","2,721.18",-,1.44%,,2020/7/24,2291.58
2021/3/10,"2,775.34","2,763.36","2,786.48","2,758.51",-,0.49%,,2020/7/25,#N/A
2021/3/11,"2,806.07","2,777.39","2,816.78","2,775.53",-,1.11%,,2020/7/26,#N/A
2021/3/12,"2,807.21","2,807.58","2,809.57","2,789.30",-,0.04%,,2020/7/27,2311.62
2021/3/15,"2,821.85","2,807.66","2,823.49","2,797.29",-,0.52%,,2020/7/28,2299.91
2021/3/16,"2,823.69","2,822.60","2,834.43","2,818.79",-,0.07%,,2020/7/29,2319.71
2021/3/17,"2,826.79","2,823.04","2,837.30","2,805.91",-,0.11%,,2020/7/30,2304.01
2021/3/18,"2,802.27","2,833.39","2,836.26","2,799.09",-,-0.87%,,2020/7/31,2304.98
2021/3/19,"2,796.14","2,801.09","2,804.17","2,777.94",-,-0.22%,,2020/8/1,#N/A
2021/3/22,"2,809.65","2,794.78","2,817.03","2,789.10",-,0.48%,,2020/8/2,#N/A
2021/3/23,"2,788.01","2,809.44","2,811.62","2,782.13",-,-0.77%,,2020/8/3,2324.08
2021/3/24,"2,767.26","2,785.91","2,794.26","2,766.20",-,-0.74%,,2020/8/4,2336.82
2021/3/25,"2,775.05","2,765.86","2,779.84","2,744.82",-,0.28%,,2020/8/5,2355.94
2021/3/26,"2,814.86","2,775.40","2,816.12","2,775.23",-,1.43%,,2020/8/6,2359.89
2021/3/29,"2,811.53","2,814.57","2,817.38","2,798.11",-,-0.12%,,2020/8/7,2355.97
2021/3/30,"2,805.10","2,811.92","2,812.30","2,795.88",-,-0.23%,,2020/8/8,#N/A
2021/3/31,"2,811.70","2,805.16","2,821.86","2,801.01",-,0.24%,,2020/8/9,#N/A
2021/4/1,"2,840.19","2,809.98","2,841.34","2,809.16",-,1.01%,,2020/8/10,2360.87
2021/4/2,"2,841.89","2,842.74","2,844.17","2,841.89",-,0.06%,,2020/8/11,2359.47
2021/4/5,"2,872.97","2,843.18","2,875.43","2,842.35",-,1.09%,,2020/8/12,2391.8
2021/4/6,"2,876.23","2,874.37","2,882.76","2,869.18",-,0.11%,,2020/8/13,2390.08
2021/4/7,"2,881.15","2,877.69","2,884.42","2,874.18",-,0.17%,,2020/8/14,2384.2
2021/4/8,"2,895.61","2,878.66","2,896.91","2,877.77",-,0.50%,,2020/8/15,#N/A
2021/4/9,"2,910.10","2,897.11","2,910.53","2,893.18",-,0.50%,,2020/8/16,#N/A
2021/4/12,"2,907.25","2,910.81","2,910.94","2,900.38",-,-0.10%,,2020/8/17,2393.97
2021/4/13,"2,918.19","2,907.86","2,922.84","2,905.74",-,0.38%,,2020/8/18,2399.37
2021/4/14,"2,913.53","2,920.20","2,928.43","2,912.45",-,-0.16%,,2020/8/19,2394.47
2021/4/15,"2,941.75","2,914.63","2,943.10","2,914.09",-,0.97%,,2020/8/20,2389.15
2021/4/16,"2,953.35","2,942.06","2,956.02","2,939.34",-,0.39%,,2020/8/21,2392.11
2021/4/19,"2,944.05","2,952.81","2,959.08","2,937.82",-,-0.31%,,2020/8/22,#N/A
2021/4/20,"2,915.78","2,942.68","2,943.30","2,906.56",-,-0.96%,,2020/8/23,#N/A
2021/4/21,"2,932.98","2,911.91","2,933.64","2,904.85",-,0.59%,,2020/8/24,2417.05
2021/4/22,"2,923.91","2,935.41","2,944.86","2,917.25",-,-0.31%,,2020/8/25,2422.95
2021/4/23,"2,946.11","2,922.32","2,955.59","2,921.40",-,0.76%,,2020/8/26,2446.05
2021/4/26,"2,956.13","2,949.19","2,959.29","2,948.50",-,0.34%,,2020/8/27,2442.79
2021/4/27,"2,952.01","2,955.46","2,955.46","2,946.36",-,-0.14%,,2020/8/28,2456.86
2021/4/28,"2,951.88","2,951.37","2,963.79","2,949.97",-,0.00%,,2020/8/29,#N/A
2021/4/29,"2,963.31","2,955.79","2,972.72","2,947.28",-,0.39%,,2020/8/30,#N/A
2021/4/30,"2,938.76","2,964.14","2,964.43","2,934.49",-,-0.83%,,2020/8/31,2455.51
2021/5/3,"2,948.67","2,938.21","2,957.17","2,936.12",-,0.34%,,2020/9/1,2467.25
2021/5/4,"2,922.50","2,947.63","2,948.14","2,903.13",-,-0.89%,,2020/9/2,2494.1
2021/5/5,"2,932.84","2,921.80","2,942.85","2,921.03",-,0.35%,,2020/9/3,2425.78
2021/5/6,"2,952.03","2,934.01","2,952.75","2,923.30",-,0.65%,,2020/9/4,2399.6
2021/5/7,"2,979.41","2,953.06","2,983.88","2,952.55",-,0.93%,,2020/9/5,#N/A
2021/5/10,"2,961.57","2,981.70","2,985.47","2,960.50",-,-0.60%,,2020/9/6,#N/A
2021/5/11,"2,928.33","2,958.89","2,958.94","2,904.79",-,-1.12%,,2020/9/7,2408.05
2021/5/12,"2,876.79","2,927.25","2,928.00","2,872.71",-,-1.76%,,2020/9/8,2354.41
2021/5/13,"2,892.48","2,874.75","2,902.14","2,860.30",-,0.55%,,2020/9/9,2393.75
2021/5/14,"2,938.63","2,894.24","2,943.54","2,894.24",-,1.60%,,2020/9/10,2367.8
2021/5/17,"2,934.18","2,940.80","2,941.53","2,924.32",-,-0.15%,,2020/9/11,2368.14
2021/5/18,"2,928.68","2,935.56","2,948.06","2,928.51",-,-0.19%,,2020/9/12,#N/A
2021/5/19,"2,910.94","2,926.50","2,926.90","2,879.90",-,-0.61%,,2020/9/13,#N/A
2021/5/20,"2,942.21","2,906.30","2,949.46","2,906.26",-,1.07%,,2020/9/14,2396.37
2021/5/21,"2,943.13","2,943.34","2,960.20","2,940.00",-,0.03%,,2020/9/15,2407.97
2021/5/24,"2,966.44","2,942.55","2,972.19","2,942.42",-,0.79%,,2020/9/16,2403.5
2021/5/25,"2,965.51","2,966.94","2,979.38","2,963.54",-,-0.03%,,2020/9/17,2383.54
2021/5/26,"2,969.51","2,965.22","2,971.87","2,963.08",-,0.13%,,2020/9/18,2367.99
2021/5/27,"2,970.64","2,967.48","2,977.96","2,965.51",-,0.04%,,2020/9/19,#N/A
2021/5/28,"2,979.30","2,972.42","2,987.71","2,972.42",-,0.29%,,2020/9/20,#N/A
2021/5/31,"2,975.70","2,979.17","2,980.03","2,975.24",-,-0.12%,,2020/9/21,2329.49
2021/6/1,"2,982.02","2,976.98","2,998.05","2,975.18",-,0.21%,,2020/9/22,2343.39
2021/6/2,"2,985.97","2,980.63","2,990.57","2,979.42",-,0.13%,,2020/9/23,2305.57
2021/6/3,"2,972.87","2,986.36","2,989.71","2,959.71",-,-0.44%,,2020/9/24,2300.3
2021/6/4,"2,997.36","2,971.56","2,999.34","2,970.12",-,0.82%,,2020/9/25,2326.85
2021/6/7,"3,000.97","2,998.58","3,002.20","2,994.07",-,0.12%,,2020/9/26,#N/A
2021/6/8,"3,001.83","3,001.02","3,007.52","2,991.96",-,0.03%,,2020/9/27,#N/A
2021/6/9,"2,996.64","3,000.67","3,007.00","2,995.83",-,-0.17%,,2020/9/28,2366.41
2021/6/10,"3,007.46","2,995.50","3,012.63","2,993.90",-,0.36%,,2020/9/29,2359.63
2021/6/11,"3,012.67","3,008.68","3,013.38","3,004.39",-,0.17%,,2020/9/30,2367.27
2021/6/14,"3,019.88","3,013.87","3,019.88","3,009.67",-,0.24%,,2020/10/1,2380.02
2021/6/15,"3,017.27","3,019.91","3,025.73","3,013.43",-,-0.09%,,2020/10/2,2362.41
2021/6/16,"3,008.48","3,016.99","3,020.93","2,989.83",-,-0.29%,,2020/10/3,#N/A
2021/6/17,"2,996.51","2,998.72","3,000.35","2,980.45",-,-0.40%,,2020/10/4,#N/A
2021/6/18,"2,954.19","2,994.41","2,995.11","2,954.19",-,-1.41%,,2020/10/5,2403.5
2021/6/21,"2,982.11","2,953.08","2,983.42","2,943.47",-,0.95%,,2020/10/6,2382.57
2021/6/22,"3,001.14","2,983.57","3,009.07","2,983.39",-,0.64%,,2020/10/7,2409.39
2021/6/23,"2,998.00","3,003.50","3,009.12","2,996.22",-,-0.10%,,2020/10/8,2427.36
2021/6/24,"3,013.36","2,996.41","3,017.53","2,995.45",-,0.51%,,2020/10/9,2447.76
2021/6/25,"3,024.94","3,015.32","3,026.23","3,015.02",-,0.38%,,2020/10/10,#N/A
2021/6/28,"3,025.22","3,024.66","3,026.53","3,017.61",-,0.01%,,2020/10/11,#N/A
2021/6/29,"3,024.44","3,024.03","3,029.15","3,021.82",-,-0.03%,,2020/10/12,2477.92
2021/6/30,"3,017.23","3,024.95","3,025.81","3,013.73",-,-0.24%,,2020/10/13,2464.18
2021/7/1,"3,028.20","3,017.32","3,028.20","3,014.48",-,0.36%,,2020/10/14,2453.61
2021/7/2,"3,046.09","3,027.28","3,050.04","3,027.22",-,0.59%,,2020/10/15,2435.93
2021/7/5,"3,049.84","3,047.59","3,050.47","3,045.38",-,0.12%,,2020/10/16,2440.14
2021/7/6,"3,042.63","3,050.87","3,053.35","3,026.44",-,-0.24%,,2020/10/17,#N/A
2021/7/7,"3,049.66","3,040.26","3,053.36","3,033.78",-,0.23%,,2020/10/18,#N/A
2021/7/8,"3,022.24","3,049.90","3,050.17","3,003.94",-,-0.90%,,2020/10/19,2417.69
2021/7/9,"3,053.12","3,019.89","3,055.26","3,015.49",-,1.02%,,2020/10/20,2422.71
2021/7/12,"3,068.27","3,055.72","3,068.27","3,055.72",-,0.50%,,2020/10/21,2417.83
2021/7/13,"3,059.28","3,068.85","3,070.78","3,055.48",-,-0.29%,,2020/10/22,2421
2021/7/14,"3,058.59","3,055.24","3,070.84","3,053.90",-,-0.02%,,2020/10/23,2430.54
2021/7/15,"3,043.52","3,058.78","3,059.00","3,032.35",-,-0.49%,,2020/10/24,#N/A
2021/7/16,"3,024.65","3,041.70","3,048.85","3,021.73",-,-0.62%,,2020/10/25,#N/A
2021/7/19,"2,975.55","3,022.42","3,022.60","2,962.62",-,-1.62%,,2020/10/26,2390.08
2021/7/20,"3,005.86","2,972.88","3,014.25","2,970.08",-,1.02%,,2020/10/27,2381.65
2021/7/21,"3,036.73","3,009.46","3,038.36","3,007.87",-,1.03%,,2020/10/28,2306.65
2021/7/22,"3,046.60","3,037.94","3,047.33","3,036.56",-,0.33%,,2020/10/29,2318.44
2021/7/23,"3,072.38","3,046.02","3,074.67","3,044.40",-,0.85%,,2020/10/30,2292.93
2021/7/26,"3,080.40","3,075.01","3,080.40","3,071.20",-,0.26%,,2020/10/31,#N/A
2021/7/27,"3,068.87","3,081.26","3,082.45","3,054.54",-,-0.37%,,2020/11/1,#N/A
2021/7/28,"3,069.49","3,067.07","3,078.92","3,062.13",-,0.02%,,2020/11/2,2322.14
2021/7/29,"3,089.82","3,073.87","3,095.57","3,073.68",-,0.66%,,2020/11/3,2369.27
2021/7/30,"3,069.25","3,089.79","3,089.99","3,066.11",-,-0.67%,,2020/11/4,2416.61
2021/8/2,"3,077.11","3,071.08","3,091.26","3,070.87",-,0.26%,,2020/11/5,2466.58
2021/8/3,"3,092.51","3,075.28","3,093.31","3,067.54",-,0.50%,,2020/11/6,2470.05
2021/8/4,"3,085.83","3,093.42","3,096.86","3,083.53",-,-0.22%,,2020/11/7,#N/A
2021/8/5,"3,102.23","3,085.18","3,102.23","3,085.18",-,0.53%,,2020/11/8,#N/A
2021/8/6,"3,098.06","3,101.28","3,104.41","3,094.82",-,-0.13%,,2020/11/9,2502.06
2021/8/9,"3,097.06","3,097.64","3,100.56","3,093.20",-,-0.03%,,2020/11/10,2507.1
2021/8/10,"3,099.49","3,097.11","3,105.24","3,096.56",-,0.08%,,2020/11/11,2528.25
2021/8/11,"3,109.97","3,100.30","3,112.30","3,100.22",-,0.34%,,2020/11/12,2509.24
2021/8/12,"3,115.74","3,110.84","3,115.95","3,103.13",-,0.19%,,2020/11/13,2529.29
2021/8/13,"3,125.12","3,115.97","3,126.19","3,115.38",-,0.30%,,2020/11/14,#N/A
2021/8/16,"3,121.99","3,124.70","3,124.88","3,099.81",-,-0.10%,,2020/11/15,#N/A
2021/8/17,"3,100.12","3,121.79","3,122.06","3,084.90",-,-0.70%,,2020/11/16,2561.5
2021/8/18,"3,078.01","3,099.55","3,103.10","3,077.05",-,-0.71%,,2020/11/17,2558.43
2021/8/19,"3,063.22","3,075.83","3,076.04","3,047.60",-,-0.48%,,2020/11/18,2543.36
2021/8/20,"3,080.02","3,061.97","3,082.38","3,057.18",-,0.55%,,2020/11/19,2546.31
2021/8/23,"3,112.57","3,082.83","3,117.60","3,082.83",-,1.06%,,2020/11/20,2540.02
2021/8/24,"3,122.00","3,114.11","3,124.56","3,114.04",-,0.30%,,2020/11/21,#N/A
2021/8/25,"3,125.83","3,121.47","3,129.74","3,119.57",-,0.12%,,2020/11/22,#N/A
2021/8/26,"3,110.27","3,127.85","3,127.98","3,109.18",-,-0.50%,,2020/11/23,2546.9
2021/8/27,"3,133.67","3,108.80","3,136.85","3,107.25",-,0.75%,,2020/11/24,2587.19
2021/8/30,"3,146.63","3,136.41","3,150.82","3,135.69",-,0.41%,,2020/11/25,2589.67
2021/8/31,"3,141.35","3,145.48","3,151.34","3,139.52",-,-0.17%,,2020/11/26,2590.15
2021/9/1,"3,151.66","3,141.95","3,160.60","3,141.16",-,0.33%,,2020/11/27,2601.45
2021/9/2,"3,161.46","3,150.63","3,164.34","3,149.33",-,0.31%,,2020/11/28,#N/A
2021/9/3,"3,163.99","3,162.12","3,167.17","3,154.95",-,0.08%,,2020/11/29,#N/A
2021/9/6,"3,169.64","3,165.01","3,170.85","3,164.54",-,0.18%,,2020/11/30,2583.14
2021/9/7,"3,158.94","3,171.70","3,174.13","3,155.92",-,-0.34%,,2020/12/1,2609.01
2021/9/8,"3,146.96","3,157.76","3,160.38","3,136.53",-,-0.38%,,2020/12/2,2613.91
2021/9/9,"3,136.04","3,146.63","3,154.99","3,136.04",-,-0.35%,,2020/12/3,2621.28
2021/9/10,"3,122.07","3,136.58","3,154.81","3,120.00",-,-0.45%,,2020/12/4,2639.66
2021/9/13,"3,126.10","3,119.75","3,139.85","3,114.46",-,0.13%,,2020/12/5,#N/A
2021/9/14,"3,116.08","3,126.40","3,138.88","3,111.43",-,-0.32%,,2020/12/6,#N/A
2021/9/15,"3,127.71","3,113.16","3,130.65","3,107.80",-,0.37%,,2020/12/7,2635.88
2021/9/16,"3,122.57","3,128.46","3,129.38","3,108.43",-,-0.16%,,2020/12/8,2642.05
2021/9/17,"3,096.61","3,123.06","3,128.62","3,093.43",-,-0.83%,,2020/12/9,2627.53
2021/9/20,"3,046.20","3,095.74","3,095.74","3,020.61",-,-1.63%,,2020/12/10,2628.58
2021/9/21,"3,049.68","3,044.93","3,070.99","3,041.49",-,0.11%,,2020/12/11,2621.89
2021/9/22,"3,074.35","3,049.14","3,086.18","3,047.18",-,0.81%,,2020/12/12,#N/A
2021/9/23,"3,106.42","3,071.50","3,114.02","3,071.38",-,1.04%,,2020/12/13,#N/A
2021/9/24,"3,103.53","3,106.61","3,109.83","3,093.64",-,-0.09%,,2020/12/14,2619.43
2021/9/27,"3,095.56","3,104.03","3,108.56","3,090.68",-,-0.26%,,2020/12/15,2643.74
2021/9/28,"3,032.70","3,095.52","3,095.57","3,030.01",-,-2.03%,,2020/12/16,2654.79
2021/9/29,"3,028.75","3,032.95","3,044.51","3,025.57",-,-0.13%,,2020/12/17,2674.87
2021/9/30,"3,006.60","3,027.80","3,041.81","3,006.60",-,-0.73%,,2020/12/18,2666.3
2021/10/1,"3,022.83","3,006.75","3,031.64","2,988.36",-,0.54%,,2020/12/19,#N/A
2021/10/4,"2,992.89","3,024.21","3,026.94","2,981.95",-,-0.99%,,2020/12/20,#N/A
2021/10/5,"3,016.19","2,992.24","3,027.41","2,985.50",-,0.78%,,2020/12/21,2644.97
2021/10/6,"3,015.95","3,016.59","3,019.20","2,978.07",-,-0.01%,,2020/12/22,2643.07
2021/10/7,"3,046.57","3,017.59","3,061.25","3,016.75",-,1.02%,,2020/12/23,2651.41
2021/10/8,"3,043.74","3,046.03","3,055.86","3,040.55",-,-0.09%,,2020/12/24,2659.04
2021/10/11,"3,031.57","3,042.60","3,057.69","3,029.57",-,-0.40%,,2020/12/25,2659.27
2021/10/12,"3,024.72","3,030.26","3,035.06","3,020.10",-,-0.23%,,2020/12/26,#N/A
2021/10/13,"3,039.01","3,023.04","3,043.46","3,019.78",-,0.47%,,2020/12/27,#N/A
2021/10/14,"3,084.59","3,040.66","3,085.62","3,040.66",-,1.50%,,2020/12/28,2676.8
2021/10/15,"3,109.47","3,084.71","3,110.37","3,084.37",-,0.81%,,2020/12/29,2682.18
2021/10/18,"3,114.01","3,108.62","3,114.88","3,092.42",-,0.15%,,2020/12/30,2686.06
2021/10/19,"3,136.19","3,115.04","3,136.26","3,114.90",-,0.71%,,2020/12/31,2690.04
2021/10/20,"3,147.70","3,136.61","3,149.94","3,134.68",-,0.37%,,2021/1/1,2690.04
2021/10/21,"3,152.33","3,147.95","3,152.33","3,140.38",-,0.15%,,2021/1/2,#N/A
2021/10/22,"3,151.16","3,150.40","3,161.16","3,140.16",-,-0.04%,,2021/1/3,#N/A
2021/10/25,"3,159.88","3,150.76","3,163.14","3,144.34",-,0.28%,,2021/1/4,2670.04
2021/10/26,"3,167.44","3,159.33","3,180.72","3,159.29",-,0.24%,,2021/1/5,2684.18
2021/10/27,"3,152.05","3,167.14","3,172.17","3,152.00",-,-0.49%,,2021/1/6,2699.51
2021/10/28,"3,179.44","3,152.20","3,179.69","3,148.81",-,0.87%,,2021/1/7,2734.19
2021/10/29,"3,174.73","3,178.94","3,179.36","3,159.24",-,-0.15%,,2021/1/8,2753.31
2021/11/1,"3,190.54","3,175.13","3,191.23","3,174.69",-,0.50%,,2021/1/9,#N/A
2021/11/2,"3,195.67","3,190.79","3,198.45","3,187.44",-,0.16%,,2021/1/10,#N/A
2021/11/3,"3,212.35","3,195.60","3,215.85","3,190.33",-,0.52%,,2021/1/11,2730.05
2021/11/4,"3,224.63","3,215.69","3,227.17","3,214.26",-,0.38%,,2021/1/12,2734.4
2021/11/5,"3,232.26","3,224.63","3,242.90","3,222.15",-,0.24%,,2021/1/13,2739.87
2021/11/8,"3,237.44","3,237.60","3,237.62","3,237.31",-,0.16%,,2021/1/14,2738.09
2021/11/9,"3,227.80","3,237.60","3,241.46","3,220.64",-,-0.30%,,2021/1/15,2714.81
2021/11/10,"3,201.57","3,228.62","3,229.18","3,191.78",-,-0.81%,,2021/1/16,#N/A
2021/11/11,"3,201.99","3,198.58","3,209.24","3,196.29",-,0.01%,,2021/1/17,#N/A
2021/11/12,"3,223.82","3,200.76","3,226.76","3,200.70",-,0.68%,,2021/1/18,2713.49
2021/11/15,"3,226.45","3,224.28","3,233.09","3,220.79",-,0.08%,,2021/1/19,2732.48
2021/11/16,"3,230.01","3,230.04","3,230.04","3,230.01",-,0.11%,,2021/1/20,2761.48
2021/11/17,"3,221.03","3,230.04","3,230.25","3,220.06",-,-0.28%,,2021/1/21,2765.57
2021/11/18,"3,226.37","3,222.27","3,230.34","3,211.01",-,0.17%,,2021/1/22,2755.66
2021/11/19,"3,219.90","3,227.67","3,230.41","3,217.16",-,-0.20%,,2021/1/23,#N/A
2021/11/22,"3,201.49","3,215.98","3,234.43","3,200.07",-,-0.57%,,2021/1/24,#N/A
2021/11/23,"3,196.88","3,200.47","3,206.05","3,177.58",-,-0.14%,,2021/1/25,2756.87
2021/11/24,"3,198.12","3,196.75","3,199.47","3,173.04",-,0.04%,,2021/1/26,2754.12
2021/11/25,"3,202.44","3,198.75","3,203.78","3,198.51",-,0.14%,,2021/1/27,2694.42
2021/11/26,"3,131.98","3,202.08","3,202.55","3,127.03",-,-2.20%,,2021/1/28,2710.6
2021/11/29,"3,155.73","3,130.77","3,164.81","3,125.58",-,0.76%,,2021/1/29,2661.69
2021/11/30,"3,101.80","3,157.49","3,161.01","3,101.80",-,-1.71%,,2021/1/30,#N/A
2021/12/1,"3,087.98","3,106.80","3,159.63","3,084.73",-,-0.45%,,2021/1/31,#N/A
2021/12/2,"3,111.17","3,086.12","3,119.13","3,075.45",-,0.75%,,2021/2/1,2697.88
2021/12/3,"3,086.44","3,110.42","3,129.75","3,067.56",-,-0.79%,,2021/2/2,2731.95
2021/12/6,"3,117.31","3,087.98","3,127.52","3,084.79",-,1.00%,,2021/2/3,2737.93
2021/12/7,"3,184.17","3,118.29","3,188.27","3,118.26",-,2.14%,,2021/2/4,2757.66
2021/12/8,"3,196.39","3,185.52","3,199.79","3,183.18",-,0.38%,,2021/2/5,2773.45
2021/12/9,"3,172.49","3,197.12","3,197.47","3,172.49",-,-0.75%,,2021/2/6,#N/A
2021/12/10,"3,188.26","3,173.00","3,190.54","3,167.21",-,0.50%,,2021/2/7,#N/A
,,,,,,,,2021/2/8,2795.89
,,,,,,,,2021/2/9,2798.55
,,,,,,,,2021/2/10,2800.68
,,,,,,,,2021/2/11,2807.16
,,,,,,,,2021/2/12,2818.85
,,,,,,,,2021/2/13,#N/A
,,,,,,,,2021/2/14,#N/A
,,,,,,,,2021/2/15,2829.67
,,,,,,,,2021/2/16,2828.15
,,,,,,,,2021/2/17,2815.98
,,,,,,,,2021/2/18,2802.92
,,,,,,,,2021/2/19,2806.47
,,,,,,,,2021/2/20,#N/A
,,,,,,,,2021/2/21,#N/A
,,,,,,,,2021/2/22,2788.11
,,,,,,,,2021/2/23,2789.21
,,,,,,,,2021/2/24,2802.4
,,,,,,,,2021/2/25,2760.26
,,,,,,,,2021/2/26,2726.91
,,,,,,,,2021/2/27,#N/A
,,,,,,,,2021/2/28,#N/A
,,,,,,,,2021/3/1,2783.7
,,,,,,,,2021/3/2,2768.25
,,,,,,,,2021/3/3,2741.68
,,,,,,,,2021/3/4,2706.48
,,,,,,,,2021/3/5,2728.56
,,,,,,,,2021/3/6,#N/A
,,,,,,,,2021/3/7,#N/A
,,,,,,,,2021/3/8,2722.64
,,,,,,,,2021/3/9,2761.82
,,,,,,,,2021/3/10,2775.34
,,,,,,,,2021/3/11,2806.07
,,,,,,,,2021/3/12,2807.21
,,,,,,,,2021/3/13,#N/A
,,,,,,,,2021/3/14,#N/A
,,,,,,,,2021/3/15,2821.85
,,,,,,,,2021/3/16,2823.69
,,,,,,,,2021/3/17,2826.79
,,,,,,,,2021/3/18,2802.27
,,,,,,,,2021/3/19,2796.14
,,,,,,,,2021/3/20,#N/A
,,,,,,,,2021/3/21,#N/A
,,,,,,,,2021/3/22,2809.65
,,,,,,,,2021/3/23,2788.01
,,,,,,,,2021/3/24,2767.26
,,,,,,,,2021/3/25,2775.05
,,,,,,,,2021/3/26,2814.86
,,,,,,,,2021/3/27,#N/A
,,,,,,,,2021/3/28,#N/A
,,,,,,,,2021/3/29,2811.53
,,,,,,,,2021/3/30,2805.1
,,,,,,,,2021/3/31,2811.7
,,,,,,,,2021/4/1,2840.19
,,,,,,,,2021/4/2,2841.89
,,,,,,,,2021/4/3,#N/A
,,,,,,,,2021/4/4,#N/A
,,,,,,,,2021/4/5,2872.97
,,,,,,,,2021/4/6,2876.23
,,,,,,,,2021/4/7,2881.15
,,,,,,,,2021/4/8,2895.61
,,,,,,,,2021/4/9,2910.1
,,,,,,,,2021/4/10,#N/A
,,,,,,,,2021/4/11,#N/A
,,,,,,,,2021/4/12,2907.25
,,,,,,,,2021/4/13,2918.19
,,,,,,,,2021/4/14,2913.53
,,,,,,,,2021/4/15,2941.75
,,,,,,,,2021/4/16,2953.35
,,,,,,,,2021/4/17,#N/A
,,,,,,,,2021/4/18,#N/A
,,,,,,,,2021/4/19,2944.05
,,,,,,,,2021/4/20,2915.78
,,,,,,,,2021/4/21,2932.98
,,,,,,,,2021/4/22,2923.91
,,,,,,,,2021/4/23,2946.11
,,,,,,,,2021/4/24,#N/A
,,,,,,,,2021/4/25,#N/A
,,,,,,,,2021/4/26,2956.13
,,,,,,,,2021/4/27,2952.01
,,,,,,,,2021/4/28,2951.88
,,,,,,,,2021/4/29,2963.31
,,,,,,,,2021/4/30,2938.76
,,,,,,,,2021/5/1,#N/A
,,,,,,,,2021/5/2,#N/A
,,,,,,,,2021/5/3,2948.67
,,,,,,,,2021/5/4,2922.5
,,,,,,,,2021/5/5,2932.84
,,,,,,,,2021/5/6,2952.03
,,,,,,,,2021/5/7,2979.41
,,,,,,,,2021/5/8,#N/A
,,,,,,,,2021/5/9,#N/A
,,,,,,,,2021/5/10,2961.57
,,,,,,,,2021/5/11,2928.33
,,,,,,,,2021/5/12,2876.79
,,,,,,,,2021/5/13,2892.48
,,,,,,,,2021/5/14,2938.63
,,,,,,,,2021/5/15,#N/A
,,,,,,,,2021/5/16,#N/A
,,,,,,,,2021/5/17,2934.18
,,,,,,,,2021/5/18,2928.68
,,,,,,,,2021/5/19,2910.94
,,,,,,,,2021/5/20,2942.21
,,,,,,,,2021/5/21,2943.13
,,,,,,,,2021/5/22,#N/A
,,,,,,,,2021/5/23,#N/A
,,,,,,,,2021/5/24,2966.44
,,,,,,,,2021/5/25,2965.51
,,,,,,,,2021/5/26,2969.51
,,,,,,,,2021/5/27,2970.64
,,,,,,,,2021/5/28,2979.3
,,,,,,,,2021/5/29,#N/A
,,,,,,,,2021/5/30,#N/A
,,,,,,,,2021/5/31,2975.7
,,,,,,,,2021/6/1,2982.02
,,,,,,,,2021/6/2,2985.97
,,,,,,,,2021/6/3,2972.87
,,,,,,,,2021/6/4,2997.36
,,,,,,,,2021/6/5,#N/A
,,,,,,,,2021/6/6,#N/A
,,,,,,,,2021/6/7,3000.97
,,,,,,,,2021/6/8,3001.83
,,,,,,,,2021/6/9,2996.64
,,,,,,,,2021/6/10,3007.46
,,,,,,,,2021/6/11,3012.67
,,,,,,,,2021/6/12,#N/A
,,,,,,,,2021/6/13,#N/A
,,,,,,,,2021/6/14,3019.88
,,,,,,,,2021/6/15,3017.27
,,,,,,,,2021/6/16,3008.48
,,,,,,,,2021/6/17,2996.51
,,,,,,,,2021/6/18,2954.19
,,,,,,,,2021/6/19,#N/A
,,,,,,,,2021/6/20,#N/A
,,,,,,,,2021/6/21,2982.11
,,,,,,,,2021/6/22,3001.14
,,,,,,,,2021/6/23,2998
,,,,,,,,2021/6/24,3013.36
,,,,,,,,2021/6/25,3024.94
,,,,,,,,2021/6/26,#N/A
,,,,,,,,2021/6/27,#N/A
,,,,,,,,2021/6/28,3025.22
,,,,,,,,2021/6/29,3024.44
,,,,,,,,2021/6/30,3017.23
,,,,,,,,2021/7/1,3028.2
,,,,,,,,2021/7/2,3046.09
,,,,,,,,2021/7/3,#N/A
,,,,,,,,2021/7/4,#N/A
,,,,,,,,2021/7/5,3049.84
,,,,,,,,2021/7/6,3042.63
,,,,,,,,2021/7/7,3049.66
,,,,,,,,2021/7/8,3022.24
,,,,,,,,2021/7/9,3053.12
,,,,,,,,2021/7/10,#N/A
,,,,,,,,2021/7/11,#N/A
,,,,,,,,2021/7/12,3068.27
,,,,,,,,2021/7/13,3059.28
,,,,,,,,2021/7/14,3058.59
,,,,,,,,2021/7/15,3043.52
,,,,,,,,2021/7/16,3024.65
,,,,,,,,2021/7/17,#N/A
,,,,,,,,2021/7/18,#N/A
,,,,,,,,2021/7/19,2975.55
,,,,,,,,2021/7/20,3005.86
,,,,,,,,2021/7/21,3036.73
,,,,,,,,2021/7/22,3046.6
,,,,,,,,2021/7/23,3072.38
,,,,,,,,2021/7/24,#N/A
,,,,,,,,2021/7/25,#N/A
,,,,,,,,2021/7/26,3080.4
,,,,,,,,2021/7/27,3068.87
,,,,,,,,2021/7/28,3069.49
,,,,,,,,2021/7/29,3089.82
,,,,,,,,2021/7/30,3069.25
,,,,,,,,2021/7/31,#N/A
,,,,,,,,2021/8/1,#N/A
,,,,,,,,2021/8/2,3077.11
,,,,,,,,2021/8/3,3092.51
,,,,,,,,2021/8/4,3085.83
,,,,,,,,2021/8/5,3102.23
,,,,,,,,2021/8/6,3098.06
,,,,,,,,2021/8/7,#N/A
,,,,,,,,2021/8/8,#N/A
,,,,,,,,2021/8/9,3097.06
,,,,,,,,2021/8/10,3099.49
,,,,,,,,2021/8/11,3109.97
,,,,,,,,2021/8/12,3115.74
,,,,,,,,2021/8/13,3125.12
,,,,,,,,2021/8/14,#N/A
,,,,,,,,2021/8/15,#N/A
,,,,,,,,2021/8/16,3121.99
,,,,,,,,2021/8/17,3100.12
,,,,,,,,2021/8/18,3078.01
,,,,,,,,2021/8/19,3063.22
,,,,,,,,2021/8/20,3080.02
,,,,,,,,2021/8/21,#N/A
,,,,,,,,2021/8/22,#N/A
,,,,,,,,2021/8/23,3112.57
,,,,,,,,2021/8/24,3122
,,,,,,,,2021/8/25,3125.83
,,,,,,,,2021/8/26,3110.27
,,,,,,,,2021/8/27,3133.67
,,,,,,,,2021/8/28,#N/A
,,,,,,,,2021/8/29,#N/A
,,,,,,,,2021/8/30,3146.63
,,,,,,,,2021/8/31,3141.35
,,,,,,,,2021/9/1,3151.66
,,,,,,,,2021/9/2,3161.46
,,,,,,,,2021/9/3,3163.99
,,,,,,,,2021/9/4,#N/A
,,,,,,,,2021/9/5,#N/A
,,,,,,,,2021/9/6,3169.64
,,,,,,,,2021/9/7,3158.94
,,,,,,,,2021/9/8,3146.96
,,,,,,,,2021/9/9,3136.04
,,,,,,,,2021/9/10,3122.07
,,,,,,,,2021/9/11,#N/A
,,,,,,,,2021/9/12,#N/A
,,,,,,,,2021/9/13,3126.1
,,,,,,,,2021/9/14,3116.08
,,,,,,,,2021/9/15,3127.71
,,,,,,,,2021/9/16,3122.57
,,,,,,,,2021/9/17,3096.61
,,,,,,,,2021/9/18,#N/A
,,,,,,,,2021/9/19,#N/A
,,,,,,,,2021/9/20,3046.2
,,,,,,,,2021/9/21,3049.68
,,,,,,,,2021/9/22,3074.35
,,,,,,,,2021/9/23,3106.42
,,,,,,,,2021/9/24,3103.53
,,,,,,,,2021/9/25,#N/A
,,,,,,,,2021/9/26,#N/A
,,,,,,,,2021/9/27,3095.56
,,,,,,,,2021/9/28,3032.7
,,,,,,,,2021/9/29,3028.75
,,,,,,,,2021/9/30,3006.6
,,,,,,,,2021/10/1,3022.83
,,,,,,,,2021/10/2,#N/A
,,,,,,,,2021/10/3,#N/A
,,,,,,,,2021/10/4,2992.89
,,,,,,,,2021/10/5,3016.19
,,,,,,,,2021/10/6,3015.95
,,,,,,,,2021/10/7,3046.57
,,,,,,,,2021/10/8,3043.74
,,,,,,,,2021/10/9,#N/A
,,,,,,,,2021/10/10,#N/A
,,,,,,,,2021/10/11,3031.57
,,,,,,,,2021/10/12,3024.72
,,,,,,,,2021/10/13,3039.01
,,,,,,,,2021/10/14,3084.59
,,,,,,,,2021/10/15,3109.47
,,,,,,,,2021/10/16,#N/A
,,,,,,,,2021/10/17,#N/A
,,,,,,,,2021/10/18,3114.01
,,,,,,,,2021/10/19,3136.19
,,,,,,,,2021/10/20,3147.7
,,,,,,,,2021/10/21,3152.33
,,,,,,,,2021/10/22,3151.16
,,,,,,,,2021/10/23,#N/A
,,,,,,,,2021/10/24,#N/A
,,,,,,,,2021/10/25,3159.88
,,,,,,,,2021/10/26,3167.44
,,,,,,,,2021/10/27,3152.05
,,,,,,,,2021/10/28,3179.44
,,,,,,,,2021/10/29,3174.73
,,,,,,,,2021/10/30,#N/A
,,,,,,,,2021/10/31,#N/A
,,,,,,,,2021/11/1,3190.54
,,,,,,,,2021/11/2,3195.67
,,,,,,,,2021/11/3,3212.35
,,,,,,,,2021/11/4,3224.63
,,,,,,,,2021/11/5,3232.26
,,,,,,,,2021/11/6,#N/A
,,,,,,,,2021/11/7,#N/A
,,,,,,,,2021/11/8,3237.44
,,,,,,,,2021/11/9,3227.8
,,,,,,,,2021/11/10,3201.57
,,,,,,,,2021/11/11,3201.99
,,,,,,,,2021/11/12,3223.82
,,,,,,,,2021/11/13,#N/A
,,,,,,,,2021/11/14,#N/A
,,,,,,,,2021/11/15,3226.45
,,,,,,,,2021/11/16,3230.01
,,,,,,,,2021/11/17,3221.03
,,,,,,,,2021/11/18,3226.37
,,,,,,,,2021/11/19,3219.9
,,,,,,,,2021/11/20,#N/A
,,,,,,,,2021/11/21,#N/A
,,,,,,,,2021/11/22,3201.49
,,,,,,,,2021/11/23,3196.88
,,,,,,,,2021/11/24,3198.12
,,,,,,,,2021/11/25,3202.44
,,,,,,,,2021/11/26,3131.98
,,,,,,,,2021/11/27,#N/A
,,,,,,,,2021/11/28,#N/A
,,,,,,,,2021/11/29,3155.73
,,,,,,,,2021/11/30,3101.8
,,,,,,,,2021/12/1,3087.98
,,,,,,,,2021/12/2,3111.17
,,,,,,,,2021/12/3,3086.44
,,,,,,,,2021/12/4,#N/A
,,,,,,,,2021/12/5,#N/A
,,,,,,,,2021/12/6,3117.31
,,,,,,,,2021/12/7,3184.17
,,,,,,,,2021/12/8,3196.39
,,,,,,,,2021/12/9,3172.49
,,,,,,,,2021/12/10,3188.26
,,,,,,,,2021/12/11,#N/A
,,,,,,,,2021/12/12,#N/A